ID,Case Number,Date,Block,IUCR,Primary Type,Description,Location Description,Arrest,Domestic,Beat,District,Ward,Community Area,FBI Code,X Coordinate,Y Coordinate,Year,Updated On,Latitude,Longitude,Location
23810,JB140548,02/04/2018 01:36:00 AM,117XX S SANGAMON ST,0110,HOMICIDE,FIRST DEGREE MURDER,STREET,false,false,0524,005,34,53,01A,1172100,1827003,2018,02/11/2018 03:57:41 PM,41.68073915,-87.645661144,"(41.68073915, -87.645661144)"
23811,JB141441,02/05/2018 01:10:00 AM,118XX S INDIANA AVE,0110,HOMICIDE,FIRST DEGREE MURDER,VACANT LOT,false,false,0532,005,9,53,01A,1179707,1826280,2018,02/12/2018 03:49:14 PM,41.678585145,-87.617837834,"(41.678585145, -87.617837834)"
23812,JB142661,02/06/2018 04:10:00 AM,062XX S MAY ST,0110,HOMICIDE,FIRST DEGREE MURDER,APARTMENT,false,false,0712,007,16,68,01A,1169720,1863456,2018,02/13/2018 03:58:53 PM,41.78082323,-87.653318937,"(41.78082323, -87.653318937)"
23813,JB143932,02/07/2018 09:23:00 AM,014XX S KENNETH AVE,0110,HOMICIDE,FIRST DEGREE MURDER,APARTMENT,false,false,1011,010,24,29,01A,1146951,1892767,2018,02/14/2018 03:52:17 PM,41.861720639,-87.736048391,"(41.861720639, -87.736048391)"
23814,JB143932,02/07/2018 09:23:00 AM,014XX S KENNETH AVE,0110,HOMICIDE,FIRST DEGREE MURDER,APARTMENT,false,false,1011,010,24,29,01A,1146951,1892767,2018,02/14/2018 03:52:17 PM,41.861720639,-87.736048391,"(41.861720639, -87.736048391)"
23815,JB145915,02/08/2018 08:43:00 PM,006XX N LARAMIE AVE,0110,HOMICIDE,FIRST DEGREE MURDER,HOUSE,false,false,1532,015,28,25,01A,1141583,1903680,2018,02/15/2018 03:50:23 PM,41.891768093,-87.755483944,"(41.891768093, -87.755483944)"
23834,JB160133,02/22/2018 09:22:00 AM,027XX S AVERS AVE,0110,HOMICIDE,FIRST DEGREE MURDER,APARTMENT,true,false,1031,010,22,30,01A,1151152,1885454,2018,03/01/2018 03:54:55 PM,41.841571637,-87.720818596,"(41.841571637, -87.720818596)"
23835,JB161360,02/22/2018 03:35:00 PM,112XX S DR MARTIN LUTHER KING JR DR,0110,HOMICIDE,FIRST DEGREE MURDER,PARK PROPERTY,true,false,0531,005,9,49,01A,1180913,1830483,2018,03/01/2018 03:54:55 PM,41.690091209,-87.61329487,"(41.690091209, -87.61329487)"
23836,JB161698,02/22/2018 06:39:00 PM,070XX S MORGAN ST,0110,HOMICIDE,FIRST DEGREE MURDER,ALLEY,false,false,0733,007,17,68,01A,1170861,1858101,2018,03/01/2018 03:54:55 PM,41.766103626,-87.64929197,"(41.766103626, -87.64929197)"
23838,JB163448,02/24/2018 08:23:00 AM,066XX S MINERVA AVE,0110,HOMICIDE,FIRST DEGREE MURDER,APARTMENT,true,true,0321,003,5,42,01A,1185025,1861230,2018,03/03/2018 03:54:43 PM,41.774369057,-87.597278237,"(41.774369057, -87.597278237)"
23839,JB164209,02/24/2018 09:32:00 PM,087XX S MICHIGAN AVE,0110,HOMICIDE,FIRST DEGREE MURDER,STREET,false,false,0632,006,6,44,01A,1178677,1847115,2018,03/03/2018 03:54:43 PM,41.735782636,-87.62097712,"(41.735782636, -87.62097712)"
23840,JB164227,02/24/2018 10:21:00 PM,011XX W 65TH ST,0110,HOMICIDE,FIRST DEGREE MURDER,STREET,false,false,0724,007,16,68,01A,1169618,1861691,2018,03/03/2018 03:54:43 PM,41.77598207,-87.653744026,"(41.77598207, -87.653744026)"
23841,JB164505,02/25/2018 03:56:00 AM,000XX N MAYFIELD AVE,0110,HOMICIDE,FIRST DEGREE MURDER,STREET,false,false,1513,015,29,25,01A,1137161,1899725,2018,03/04/2018 03:57:39 PM,41.880995627,-87.771819255,"(41.880995627, -87.771819255)"
23842,JB165428,02/25/2018 11:32:00 PM,080XX S MICHIGAN AVE,0110,HOMICIDE,FIRST DEGREE MURDER,STREET,false,false,0623,006,6,44,01A,1178549,1851687,2018,03/04/2018 03:57:39 PM,41.748331657,-87.621307469,"(41.748331657, -87.621307469)"
23843,JB166417,02/26/2018 07:04:00 PM,000XX E 118TH ST,0110,HOMICIDE,FIRST DEGREE MURDER,HOUSE,false,false,0532,005,9,53,01A,1178559,1826735,2018,03/05/2018 03:57:45 PM,41.679859817,-87.622026174,"(41.679859817, -87.622026174)"
23844,JB169855,03/01/2018 03:17:00 PM,084XX S BRANDON AVE,0110,HOMICIDE,FIRST DEGREE MURDER,STREET,false,false,0424,004,10,46,01A,1198945,1849712,2018,03/08/2018 03:55:51 PM,41.742424658,-87.546637154,"(41.742424658, -87.546637154)"
23845,JB170826,03/02/2018 12:02:00 PM,035XX S ASHLAND AVE,0110,HOMICIDE,FIRST DEGREE MURDER,STREET,false,false,0912,009,11,59,01A,1166244,1881332,2018,03/09/2018 03:55:02 PM,41.829951756,-87.665553441,"(41.829951756, -87.665553441)"
23769,JB110419,01/09/2018 08:49:00 PM,006XX N LAMON AVE,0110,HOMICIDE,FIRST DEGREE MURDER,STREET,false,false,1532,015,28,25,01A,1143581,1903675,2018,03/10/2018 03:46:53 PM,41.891717214,-87.748146223,"(41.891717214, -87.748146223)"
23846,JB171794,03/03/2018 03:13:00 AM,069XX S MICHIGAN AVE,0110,HOMICIDE,FIRST DEGREE MURDER,STREET,true,false,0322,003,6,69,01A,1178360,1859076,2018,06/26/2018 03:52:42 PM,41.768612192,-87.621776071,"(41.768612192, -87.621776071)"
23847,JB173024,03/04/2018 06:19:00 AM,132XX S RIVERDALE AVE,0110,HOMICIDE,FIRST DEGREE MURDER,DRIVEWAY,false,false,0533,005,9,54,01A,1182082,1817197,2018,03/11/2018 03:54:30 PM,41.653605591,-87.609423772,"(41.653605591, -87.609423772)"
23848,JB174135,03/05/2018 09:30:00 AM,004XX S LARAMIE AVE,0110,HOMICIDE,FIRST DEGREE MURDER,STREET,false,false,1522,015,29,25,01A,1141799,1897416,2018,03/12/2018 03:50:17 PM,41.874574905,-87.754845736,"(41.874574905, -87.754845736)"
23849,JB176271,03/06/2018 08:11:00 PM,010XX N PULASKI RD,0110,HOMICIDE,FIRST DEGREE MURDER,ALLEY,false,false,1112,011,27,23,01A,1149534,1906558,2018,03/13/2018 03:52:39 PM,41.899514976,-87.726208426,"(41.899514976, -87.726208426)"
23850,JB139869,03/07/2018 10:26:00 PM,041XX W WASHINGTON BLVD,0110,HOMICIDE,FIRST DEGREE MURDER,STREET,false,false,1115,011,28,26,01A,1148847,1900172,2018,03/14/2018 03:54:52 PM,41.882004418,-87.728897024,"(41.882004418, -87.728897024)"
23852,JB178295,03/08/2018 02:04:00 PM,041XX W LELAND AVE,0110,HOMICIDE,FIRST DEGREE MURDER,APARTMENT,false,false,1722,017,39,14,01A,1147734,1931171,2018,03/15/2018 03:55:29 PM,41.967090006,-87.732185987,"(41.967090006, -87.732185987)"
23853,JB178580,03/08/2018 06:56:00 PM,008XX N WALLER AVE,0110,HOMICIDE,FIRST DEGREE MURDER,STREET,false,false,1511,015,29,25,01A,1138206,1905064,2018,03/15/2018 03:55:29 PM,41.895627701,-87.767852831,"(41.895627701, -87.767852831)"
23855,JB180925,03/10/2018 04:12:00 PM,095XX S VINCENNES AVE,0110,HOMICIDE,FIRST DEGREE MURDER,AUTO,false,false,2223,022,21,73,01A,1170599,1841703,2018,03/17/2018 03:53:03 PM,41.721110998,-87.650729069,"(41.721110998, -87.650729069)"
23856,JB181077,03/10/2018 06:07:00 PM,033XX S LAWNDALE AVE,0110,HOMICIDE,FIRST DEGREE MURDER,GARAGE/AUTO REPAIR,false,false,1031,010,22,30,01A,1152238,1882266,2018,03/17/2018 03:53:03 PM,41.832802038,-87.716917256,"(41.832802038, -87.716917256)"
23857,JB181077,03/10/2018 06:07:00 PM,033XX S LAWNDALE AVE,0110,HOMICIDE,FIRST DEGREE MURDER,GARAGE/AUTO REPAIR,false,false,1031,010,22,30,01A,1152238,1882266,2018,03/17/2018 03:53:03 PM,41.832802038,-87.716917256,"(41.832802038, -87.716917256)"
23858,JB180959,03/11/2018 01:42:00 PM,009XX N RICHMOND ST,0110,HOMICIDE,FIRST DEGREE MURDER,AUTO,false,false,1211,012,26,24,01A,1156550,1906244,2018,03/18/2018 03:50:10 PM,41.898514194,-87.700447092,"(41.898514194, -87.700447092)"
23859,JB184667,03/13/2018 05:46:00 PM,025XX W FITCH AVE,0110,HOMICIDE,FIRST DEGREE MURDER,HALLWAY,true,false,2411,024,50,2,01A,1158111,1947358,2018,03/20/2018 03:52:25 PM,42.011301687,-87.693586328,"(42.011301687, -87.693586328)"
23860,JB188628,03/16/2018 10:06:00 PM,054XX S CORNELL AVE,0110,HOMICIDE,FIRST DEGREE MURDER,STREET,false,false,0234,002,5,41,01A,1188187,1869203,2018,03/23/2018 03:55:00 PM,41.796172736,-87.585432838,"(41.796172736, -87.585432838)"
23861,JB188232,03/16/2018 06:39:00 PM,123XX S LOWE AVE,0110,HOMICIDE,FIRST DEGREE MURDER,STREET,true,false,0523,005,34,53,01A,1174213,1823101,2018,04/20/2018 04:05:10 PM,41.669984891,-87.638041775,"(41.669984891, -87.638041775)"
23862,JB188812,03/17/2018 01:39:00 AM,017XX W VAN BUREN ST,0110,HOMICIDE,FIRST DEGREE MURDER,AUTO,false,false,1231,012,2,28,01A,1165100,1898219,2018,03/24/2018 03:57:17 PM,41.8763156,-87.669271624,"(41.8763156, -87.669271624)"
23863,JB189612,03/17/2018 06:24:00 PM,082XX S ELIZABETH ST,0110,HOMICIDE,FIRST DEGREE MURDER,STREET,false,false,0613,006,21,71,01A,1169426,1850084,2018,03/24/2018 03:57:17 PM,41.744135109,-87.654783514,"(41.744135109, -87.654783514)"
23864,JB189927,03/17/2018 11:15:00 PM,049XX S ASHLAND AVE,0110,HOMICIDE,FIRST DEGREE MURDER,AUTO,false,false,0931,009,16,61,01A,1166511,1871851,2018,03/24/2018 03:57:17 PM,41.80392916,-87.664844437,"(41.80392916, -87.664844437)"
23865,JB190817,03/18/2018 07:13:00 PM,003XX N CENTRAL AVE,0110,HOMICIDE,FIRST DEGREE MURDER,STREET,false,false,1523,015,28,25,01A,1138978,1901836,2018,03/25/2018 03:56:51 PM,41.886755667,-87.765095923,"(41.886755667, -87.765095923)"
23866,JB190917,03/18/2018 09:25:00 PM,054XX W DIVISION ST,0110,HOMICIDE,FIRST DEGREE MURDER,ALLEY,false,false,1524,015,37,25,01A,1139812,1907464,2018,03/25/2018 03:56:51 PM,41.902184391,-87.761895561,"(41.902184391, -87.761895561)"
23867,JB193116,03/20/2018 02:35:00 PM,041XX W ADAMS ST,0110,HOMICIDE,FIRST DEGREE MURDER,HOUSE,false,false,1115,011,28,26,01A,1148736,1898687,2018,03/27/2018 04:01:02 PM,41.877931554,-87.729342994,"(41.877931554, -87.729342994)"
23870,JB194827,03/21/2018 07:38:00 PM,005XX N KEDZIE AVE,0110,HOMICIDE,FIRST DEGREE MURDER,ALLEY,false,false,1121,011,27,23,01A,1154947,1903445,2018,03/28/2018 03:58:38 PM,41.890865773,-87.706409952,"(41.890865773, -87.706409952)"
23871,JB194953,03/21/2018 09:32:00 PM,011XX S INDEPENDENCE BLVD,0110,HOMICIDE,FIRST DEGREE MURDER,STREET,false,false,1133,011,24,29,01A,1151426,1894932,2018,03/28/2018 03:58:38 PM,41.867575044,-87.719564481,"(41.867575044, -87.719564481)"
23872,JB195772,03/22/2018 04:29:00 PM,045XX S JUSTINE ST,0110,HOMICIDE,FIRST DEGREE MURDER,STREET,false,false,0924,009,3,61,01A,1166766,1874613,2018,03/29/2018 03:59:25 PM,41.811502954,-87.66383031,"(41.811502954, -87.66383031)"
23874,JB196683,03/23/2018 11:29:00 AM,001XX E 37TH PL,0110,HOMICIDE,FIRST DEGREE MURDER,APARTMENT,true,true,0212,002,3,35,01A,1177938,1880167,2018,03/30/2018 03:53:14 PM,41.82649745,-87.622683779,"(41.82649745, -87.622683779)"
23873,JB196349,03/23/2018 02:42:00 AM,004XX N STATE ST,0110,HOMICIDE,FIRST DEGREE MURDER,ALLEY,true,false,1831,018,42,8,01A,1176292,1903428,2018,04/09/2018 04:09:01 PM,41.89036442,-87.628021535,"(41.89036442, -87.628021535)"
23875,JB198806,03/25/2018 04:18:00 AM,019XX W 52ND ST,0110,HOMICIDE,FIRST DEGREE MURDER,STREET,false,false,0932,009,16,61,01A,1164146,1870191,2018,04/01/2018 03:48:28 PM,41.799424067,-87.673564853,"(41.799424067, -87.673564853)"
23877,JB204259,03/29/2018 04:30:00 PM,040XX W VAN BUREN ST,0110,HOMICIDE,FIRST DEGREE MURDER,AUTO,false,false,1132,011,24,26,01A,1149613,1897720,2018,04/05/2018 03:52:51 PM,41.875261016,-87.726147954,"(41.875261016, -87.726147954)"
23878,JB204259,03/29/2018 04:42:00 PM,040XX W VAN BUREN ST,0110,HOMICIDE,FIRST DEGREE MURDER,AUTO,false,false,1132,011,24,26,01A,1149613,1897720,2018,04/05/2018 03:52:51 PM,41.875261016,-87.726147954,"(41.875261016, -87.726147954)"
23879,JB207094,04/01/2018 01:34:00 AM,007XX E 92ND PL,0110,HOMICIDE,FIRST DEGREE MURDER,STREET,false,false,0633,006,9,44,01A,1182732,1843800,2018,04/08/2018 03:49:21 PM,41.72659283,-87.606223844,"(41.72659283, -87.606223844)"
23880,JB209359,04/03/2018 04:38:00 AM,042XX W HADDON AVE,0110,HOMICIDE,FIRST DEGREE MURDER,APARTMENT,false,false,1111,011,37,23,01A,1147832,1907327,2018,04/10/2018 03:52:52 PM,41.901658074,-87.732440134,"(41.901658074, -87.732440134)"
23881,JB210902,04/04/2018 10:16:00 AM,059XX W WASHINGTON BLVD,0110,HOMICIDE,FIRST DEGREE MURDER,APARTMENT,false,false,1512,015,29,25,01A,1136593,1900130,2018,04/11/2018 04:05:05 PM,41.882117181,-87.773895253,"(41.882117181, -87.773895253)"
23882,JB212246,04/05/2018 10:36:00 AM,069XX S CLYDE AVE,0110,HOMICIDE,FIRST DEGREE MURDER,APARTMENT,true,true,0331,003,5,43,01A,1191408,1859410,2018,05/03/2018 03:49:53 PM,41.769222543,-87.573938576,"(41.769222543, -87.573938576)"
23883,JB213289,04/06/2018 04:32:00 AM,054XX S WOLCOTT AVE,0110,HOMICIDE,FIRST DEGREE MURDER,STREET,false,false,0932,009,16,61,01A,1164613,1868533,2018,04/13/2018 04:05:31 PM,41.794864463,-87.671899025,"(41.794864463, -87.671899025)"
23884,JB213540,04/06/2018 11:40:00 AM,087XX S MARQUETTE AVE,0110,HOMICIDE,FIRST DEGREE MURDER,APARTMENT,false,false,0423,004,7,46,01A,1195770,1847600,2018,04/13/2018 04:05:31 PM,41.736708219,-87.558339802,"(41.736708219, -87.558339802)"
23886,JB215165,04/07/2018 05:38:00 PM,051XX W HURON ST,0110,HOMICIDE,FIRST DEGREE MURDER,STREET,false,false,1532,015,28,25,01A,1142090,1904138,2018,04/14/2018 03:51:10 PM,41.893015515,-87.753610572,"(41.893015515, -87.753610572)"
23885,JB214485,04/07/2018 06:55:00 AM,016XX S HOMAN AVE,0110,HOMICIDE,FIRST DEGREE MURDER,APARTMENT,true,true,1021,010,24,29,01A,1153974,1891461,2018,08/31/2018 03:56:57 PM,41.85799986,-87.710302774,"(41.85799986, -87.710302774)"
23887,JB217690,04/10/2018 01:34:00 AM,053XX S HONORE ST,0110,HOMICIDE,FIRST DEGREE MURDER,STREET,false,false,0932,009,16,61,01A,1164922,1869326,2018,04/17/2018 04:02:28 PM,41.797034023,-87.670743508,"(41.797034023, -87.670743508)"
23889,JB220342,04/11/2018 10:23:00 PM,025XX W POLK ST,0110,HOMICIDE,FIRST DEGREE MURDER,STREET,false,false,1135,011,28,28,01A,1159335,1896279,2018,04/18/2018 03:55:18 PM,41.871112501,-87.690492122,"(41.871112501, -87.690492122)"
23888,JB219084,04/11/2018 01:34:00 AM,031XX W BELMONT AVE,0110,HOMICIDE,FIRST DEGREE MURDER,APARTMENT,true,false,1733,017,33,21,01A,1155044,1921114,2018,07/06/2018 03:53:00 PM,41.93934905,-87.70557876,"(41.93934905, -87.70557876)"
23890,JB220614,04/12/2018 08:35:00 AM,043XX W MADISON ST,0110,HOMICIDE,FIRST DEGREE MURDER,AUTO,true,true,1115,011,28,26,01A,1147559,1899663,2018,04/19/2018 04:04:21 PM,41.880632459,-87.733639652,"(41.880632459, -87.733639652)"
23891,JB221849,04/13/2018 12:12:00 AM,023XX N KEDZIE BLVD,0110,HOMICIDE,FIRST DEGREE MURDER,APARTMENT,false,false,1413,014,26,22,01A,1154646,1915470,2018,04/20/2018 04:08:46 PM,41.923869468,-87.707193016,"(41.923869468, -87.707193016)"
23898,HY370531,04/01/2018 05:04:00 PM,077XX S CARPENTER ST,0110,HOMICIDE,FIRST DEGREE MURDER,PORCH,false,false,0612,006,17,71,01A,1170656,1853478,2018,04/23/2018 03:50:11 PM,41.753421993,-87.650177933,"(41.753421993, -87.650177933)"
23892,JB224489,04/15/2018 04:12:00 AM,001XX N LAMON AVE,0110,HOMICIDE,FIRST DEGREE MURDER,STREET,false,false,1532,015,28,25,01A,1143685,1900716,2018,04/22/2018 03:51:57 PM,41.88359542,-87.747838421,"(41.88359542, -87.747838421)"
23818,JB146880,02/09/2018 10:32:00 PM,081XX S DREXEL AVE,0110,HOMICIDE,FIRST DEGREE MURDER,APARTMENT,false,false,0631,006,8,44,01A,1183652,1851146,2018,02/16/2018 03:53:11 PM,41.746729695,-87.602625355,"(41.746729695, -87.602625355)"
23893,JB226384,04/16/2018 05:40:00 PM,014XX W GARFIELD BLVD,0110,HOMICIDE,FIRST DEGREE MURDER,ALLEY,false,false,0713,007,16,67,01A,1167490,1868133,2018,04/23/2018 03:54:23 PM,41.793705588,-87.661360537,"(41.793705588, -87.661360537)"
23894,JB225450,04/16/2018 04:11:00 AM,036XX W CORTLAND ST,0110,HOMICIDE,FIRST DEGREE MURDER,HOUSE,false,true,2535,025,26,22,01A,1151589,1912376,2018,04/23/2018 03:54:23 PM,41.915439962,-87.718507201,"(41.915439962, -87.718507201)"
23816,JB146910,02/10/2018 12:16:00 AM,052XX S MAY ST,0110,HOMICIDE,FIRST DEGREE MURDER,HOUSE,true,false,0934,009,16,61,01A,1169544,1869989,2018,05/23/2018 04:00:19 PM,41.798754356,-87.65377487,"(41.798754356, -87.65377487)"
23819,JB147538,02/10/2018 05:34:00 PM,015XX N WESTERN AVE,0110,HOMICIDE,FIRST DEGREE MURDER,STREET,false,false,1423,014,1,24,01A,1160132,1910080,2018,02/17/2018 03:55:23 PM,41.90896722,-87.687184491,"(41.90896722, -87.687184491)"
23820,JB148176,02/11/2018 01:03:00 PM,073XX S BELL AVE,0110,HOMICIDE,FIRST DEGREE MURDER,APARTMENT,true,false,0835,008,18,66,01A,1162674,1855992,2018,02/18/2018 03:47:38 PM,41.760490977,-87.679359084,"(41.760490977, -87.679359084)"
23821,JB147904,02/11/2018 06:16:00 PM,025XX W 63RD ST,0110,HOMICIDE,FIRST DEGREE MURDER,ALLEY,false,false,0825,008,15,66,01A,1160665,1862801,2018,02/18/2018 03:47:38 PM,41.779217525,-87.68653451,"(41.779217525, -87.68653451)"
23822,JB149168,02/12/2018 12:00:00 PM,015XX S KOLIN AVE,0110,HOMICIDE,FIRST DEGREE MURDER,APARTMENT,true,true,1012,010,24,29,01A,1147636,1892146,2018,02/19/2018 03:55:38 PM,41.860003433,-87.733549773,"(41.860003433, -87.733549773)"
23823,JB150650,02/13/2018 02:12:00 PM,001XX W RANDOLPH ST,0110,HOMICIDE,FIRST DEGREE MURDER,GOVERNMENT BUILDING,true,false,0122,001,42,32,01A,1175414,1901275,2018,02/20/2018 04:02:31 PM,41.884476226,-87.631310613,"(41.884476226, -87.631310613)"
23824,JB153888,02/16/2018 05:20:00 AM,048XX W DIVERSEY AVE,0110,HOMICIDE,FIRST DEGREE MURDER,STREET,true,false,2521,025,31,19,01A,1143600,1918180,2018,07/04/2018 03:51:14 PM,41.931520133,-87.747712726,"(41.931520133, -87.747712726)"
23825,JB154878,02/16/2018 11:58:00 PM,102XX S HOXIE AVE,0110,HOMICIDE,FIRST DEGREE MURDER,STREET,false,false,0431,004,10,51,01A,1195162,1837519,2018,02/23/2018 03:57:04 PM,41.709060038,-87.560898667,"(41.709060038, -87.560898667)"
23827,JB156127,02/18/2018 01:44:00 AM,015XX W 80TH ST,0110,HOMICIDE,FIRST DEGREE MURDER,STREET,false,false,0612,006,21,71,01A,1167620,1851684,2018,02/25/2018 03:51:49 PM,41.748564623,-87.661355108,"(41.748564623, -87.661355108)"
23828,JB156223,02/18/2018 06:21:00 AM,077XX S KILBOURN AVE,0110,HOMICIDE,FIRST DEGREE MURDER,STREET,false,false,0834,008,13,70,01A,1147735,1852779,2018,02/25/2018 03:51:49 PM,41.751972552,-87.734193722,"(41.751972552, -87.734193722)"
23895,JB227774,04/17/2018 07:42:00 PM,002XX W 87TH ST,0110,HOMICIDE,FIRST DEGREE MURDER,PARKING LOT,true,false,0634,006,21,44,01A,1176368,1847206,2018,04/24/2018 04:08:45 PM,41.736084484,-87.629433662,"(41.736084484, -87.629433662)"
23826,JB155965,02/17/2018 09:18:00 PM,007XX E 133RD ST,0110,HOMICIDE,FIRST DEGREE MURDER,STREET,false,false,0533,005,9,54,01A,1183515,1817477,2018,02/24/2018 03:54:24 PM,41.654340811,-87.604171861,"(41.654340811, -87.604171861)"
23778,JB120039,01/18/2018 03:45:00 AM,066XX S EVANS AVE,0110,HOMICIDE,FIRST DEGREE MURDER,STREET,true,false,0321,003,20,42,01A,1182361,1861107,2018,04/25/2018 03:54:41 PM,41.774093686,-87.607047693,"(41.774093686, -87.607047693)"
23896,JB228582,04/18/2018 02:51:00 PM,038XX W LEXINGTON ST,0110,HOMICIDE,FIRST DEGREE MURDER,STREET,false,false,1133,011,24,26,01A,1150825,1896421,2018,04/25/2018 04:03:25 PM,41.8716728,-87.72173192,"(41.8716728, -87.72173192)"
23897,JB230428,04/19/2018 09:45:00 PM,092XX S DAUPHIN AVE,0110,HOMICIDE,FIRST DEGREE MURDER,STREET,false,false,0633,006,8,44,01A,1183599,1843978,2018,04/26/2018 03:50:46 PM,41.727061142,-87.603042433,"(41.727061142, -87.603042433)"
11265589,JB197488,03/23/2018 08:44:00 PM,024XX S KOSTNER AVE,0142,HOMICIDE,RECKLESS HOMICIDE,STREET,true,false,1013,010,22,29,01B,1147442,1887418,2018,05/04/2018 03:51:04 PM,41.847032912,-87.73438296,"(41.847032912, -87.73438296)"
23829,JB157132,02/19/2018 02:10:00 AM,015XX E 75TH ST,0110,HOMICIDE,FIRST DEGREE MURDER,AUTO,false,false,0411,004,5,43,01A,1187951,1855567,2018,02/26/2018 03:59:32 PM,41.758760072,-87.586732383,"(41.758760072, -87.586732383)"
23830,JB157170,02/19/2018 05:09:00 AM,022XX S KEELER AVE,0110,HOMICIDE,FIRST DEGREE MURDER,APARTMENT,true,true,1013,010,22,29,01A,1148744,1888749,2018,06/09/2018 03:47:56 PM,41.850660328,-87.729570246,"(41.850660328, -87.729570246)"
23831,JB156894,02/19/2018 12:35:00 PM,040XX E 134TH ST,0110,HOMICIDE,FIRST DEGREE MURDER,AUTO,false,false,0433,004,10,55,01A,1204544,1816604,2018,02/26/2018 03:59:32 PM,41.651431329,-87.527258234,"(41.651431329, -87.527258234)"
23832,JB157908,02/19/2018 05:24:00 PM,076XX S CHAMPLAIN AVE,0110,HOMICIDE,FIRST DEGREE MURDER,STREET,true,false,0624,006,6,69,01A,1181886,1854568,2018,08/29/2018 03:59:35 PM,41.756161003,-87.608990792,"(41.756161003, -87.608990792)"
23899,JB232062,04/21/2018 07:05:00 AM,066XX S EVANS AVE,0110,HOMICIDE,FIRST DEGREE MURDER,VACANT LOT,false,false,0321,003,20,42,01A,1182362,1861087,2018,04/28/2018 04:03:06 PM,41.774038781,-87.607044646,"(41.774038781, -87.607044646)"
23901,JB232515,04/21/2018 03:05:00 PM,002XX S LOTUS AVE,0110,HOMICIDE,FIRST DEGREE MURDER,STREET,false,false,1522,015,29,25,01A,1139923,1898308,2018,04/28/2018 04:03:06 PM,41.877057159,-87.761711879,"(41.877057159, -87.761711879)"
23902,JB232992,04/21/2018 11:40:00 PM,094XX S WABASH AVE,0110,HOMICIDE,FIRST DEGREE MURDER,PORCH,false,false,0634,006,6,49,01A,1178376,1842310,2018,04/28/2018 04:03:06 PM,41.72260394,-87.622225296,"(41.72260394, -87.622225296)"
23900,JB232375,04/21/2018 12:00:00 PM,079XX S CRANDON AVE,0110,HOMICIDE,FIRST DEGREE MURDER,PORCH,true,false,0414,004,7,46,01A,1192907,1852845,2018,09/26/2018 04:12:46 PM,41.751171219,-87.568657957,"(41.751171219, -87.568657957)"
23903,JB233916,04/23/2018 04:46:00 AM,013XX N KILDARE AVE,0110,HOMICIDE,FIRST DEGREE MURDER,STREET,false,false,2534,025,37,23,01A,1147461,1908750,2018,04/30/2018 04:05:08 PM,41.905570057,-87.733766341,"(41.905570057, -87.733766341)"
23904,JB235209,04/23/2018 06:59:00 PM,002XX N LOCKWOOD AVE,0110,HOMICIDE,FIRST DEGREE MURDER,STREET,false,false,1523,015,28,25,01A,1141004,1901125,2018,04/30/2018 04:05:08 PM,41.884767539,-87.757673329,"(41.884767539, -87.757673329)"
23905,JB235469,04/24/2018 12:51:00 AM,044XX W 55TH ST,0110,HOMICIDE,FIRST DEGREE MURDER,STREET,false,false,0815,008,23,62,01A,1147811,1867772,2018,05/01/2018 03:58:00 PM,41.793114392,-87.73353203,"(41.793114392, -87.73353203)"
23906,JB236588,04/24/2018 08:07:00 PM,121XX S STEWART AVE,0110,HOMICIDE,FIRST DEGREE MURDER,STREET,false,false,0523,005,34,53,01A,1175816,1824336,2018,05/01/2018 03:58:00 PM,41.673338288,-87.632138209,"(41.673338288, -87.632138209)"
23908,JB236716,04/24/2018 09:23:00 PM,038XX W ROOSEVELT RD,0110,HOMICIDE,FIRST DEGREE MURDER,STREET,true,false,1011,010,24,29,01A,1150993,1894437,2018,05/01/2018 03:58:00 PM,41.866225191,-87.721167065,"(41.866225191, -87.721167065)"
23907,JB236711,04/24/2018 09:09:00 PM,051XX W CHICAGO AVE,0110,HOMICIDE,FIRST DEGREE MURDER,STREET,true,false,1531,015,37,25,01A,1141760,1904840,2018,07/31/2018 03:48:36 PM,41.894947998,-87.754805169,"(41.894947998, -87.754805169)"
23909,JB237525,04/25/2018 02:43:00 PM,048XX W MONROE ST,0110,HOMICIDE,FIRST DEGREE MURDER,STREET,false,false,1533,015,28,25,01A,1144189,1899224,2018,05/02/2018 03:52:47 PM,41.879491742,-87.746025164,"(41.879491742, -87.746025164)"
23910,JB237945,04/25/2018 07:45:00 PM,074XX S PHILLIPS AVE,0110,HOMICIDE,FIRST DEGREE MURDER,STREET,false,false,0334,003,7,43,01A,1193940,1855907,2018,05/02/2018 03:52:47 PM,41.759548331,-87.56477236,"(41.759548331, -87.56477236)"
23911,JB238145,04/25/2018 10:10:00 PM,060XX S SACRAMENTO AVE,0110,HOMICIDE,FIRST DEGREE MURDER,STREET,false,false,0823,008,16,66,01A,1157414,1864538,2018,05/02/2018 03:52:47 PM,41.784050587,-87.698406075,"(41.784050587, -87.698406075)"
23912,JB239077,04/26/2018 05:50:00 PM,015XX N WASHTENAW AVE,0110,HOMICIDE,FIRST DEGREE MURDER,STREET,false,false,1423,014,26,24,01A,1158138,1910031,2018,05/03/2018 03:52:17 PM,41.908873745,-87.694510874,"(41.908873745, -87.694510874)"
23913,JB239091,04/26/2018 05:57:00 PM,043XX W ADAMS ST,0110,HOMICIDE,FIRST DEGREE MURDER,STREET,false,false,1115,011,28,26,01A,1147538,1898660,2018,05/03/2018 03:52:17 PM,41.877880513,-87.733742492,"(41.877880513, -87.733742492)"
11253846,JB181529,03/11/2018 04:25:00 AM,007XX W 69TH ST,0142,HOMICIDE,RECKLESS HOMICIDE,STREET,false,false,0723,007,6,68,01B,1172639,1859122,2018,05/04/2018 03:51:04 PM,41.768866386,-87.642744939,"(41.768866386, -87.642744939)"
23993,JB303195,06/12/2018 03:04:00 AM,000XX E MARQUETTE RD,0110,HOMICIDE,FIRST DEGREE MURDER,AUTO,false,false,0322,003,20,69,01A,1178186,1860616,2018,06/19/2018 03:56:32 PM,41.772842064,-87.6223672,"(41.772842064, -87.6223672)"
23995,JB303350,06/12/2018 08:41:00 AM,000XX W 104TH PL,0110,HOMICIDE,FIRST DEGREE MURDER,GARAGE,false,false,0512,005,34,49,01A,1177863,1835679,2018,06/19/2018 03:56:32 PM,41.704419193,-87.624304349,"(41.704419193, -87.624304349)"
11286359,JB221903,04/13/2018 01:57:09 AM,031XX W DEVON AVE,0142,HOMICIDE,RECKLESS HOMICIDE,STREET,false,false,2413,024,50,2,01B,1154040,1942262,2018,05/04/2018 03:51:04 PM,41.997400551,-87.708702095,"(41.997400551, -87.708702095)"
23915,JB240350,04/27/2018 05:04:00 PM,083XX S MARSHFIELD AVE,0110,HOMICIDE,FIRST DEGREE MURDER,STREET,false,false,0614,006,18,71,01A,1166792,1849470,2018,05/04/2018 03:59:15 PM,41.742506796,-87.664452263,"(41.742506796, -87.664452263)"
23914,JB239602,04/27/2018 03:02:00 AM,006XX W 63RD ST,0110,HOMICIDE,FIRST DEGREE MURDER,PARKING LOT,true,false,0711,007,16,68,01A,1173047,1863112,2018,05/31/2018 03:54:28 PM,41.779806409,-87.641131698,"(41.779806409, -87.641131698)"
23916,JB242283,04/29/2018 08:06:00 AM,048XX W MONROE ST,0110,HOMICIDE,FIRST DEGREE MURDER,STREET,true,false,1533,015,28,25,01A,1144208,1899225,2018,05/24/2018 03:53:38 PM,41.879494129,-87.745955373,"(41.879494129, -87.745955373)"
23917,JB243882,04/30/2018 01:48:00 PM,013XX W 13TH ST,0110,HOMICIDE,FIRST DEGREE MURDER,AUTO,false,false,1233,012,2,28,01A,1167742,1894186,2018,05/07/2018 04:03:09 PM,41.865192223,-87.659687336,"(41.865192223, -87.659687336)"
23918,JB246144,05/01/2018 10:22:00 PM,048XX W WASHINGTON BLVD,0110,HOMICIDE,FIRST DEGREE MURDER,STREET,false,false,1533,015,28,25,01A,1144170,1900068,2018,05/08/2018 03:56:32 PM,41.881808137,-87.746073724,"(41.881808137, -87.746073724)"
23919,JB246307,05/02/2018 03:41:00 AM,053XX S SHORE DR,0110,HOMICIDE,FIRST DEGREE MURDER,APARTMENT,true,true,0234,002,5,41,01A,1189028,1870341,2018,05/09/2018 03:51:40 PM,41.799275367,-87.582312425,"(41.799275367, -87.582312425)"
23921,JB248276,05/03/2018 01:51:00 PM,081XX S CORNELL AVE,0110,HOMICIDE,FIRST DEGREE MURDER,AUTO,false,false,0414,004,8,45,01A,1188683,1851288,2018,05/10/2018 03:48:24 PM,41.74700064,-87.584186242,"(41.74700064, -87.584186242)"
23920,JB247606,05/03/2018 03:56:00 AM,035XX W GRENSHAW ST,0110,HOMICIDE,FIRST DEGREE MURDER,STREET,true,false,1133,011,24,29,01A,1153005,1894831,2018,06/09/2018 03:47:56 PM,41.867266762,-87.713770352,"(41.867266762, -87.713770352)"
23922,JB250328,05/04/2018 09:35:00 PM,117XX S NORMAL AVE,0110,HOMICIDE,FIRST DEGREE MURDER,ALLEY,false,false,0524,005,34,53,01A,1175077,1827041,2018,05/11/2018 03:53:11 PM,41.680777707,-87.634762732,"(41.680777707, -87.634762732)"
23923,JB252004,05/06/2018 03:34:00 AM,022XX S HOYNE AVE,0110,HOMICIDE,FIRST DEGREE MURDER,STREET,false,false,1034,010,25,31,01A,1162715,1889218,2018,05/13/2018 03:47:40 PM,41.851666314,-87.678280698,"(41.851666314, -87.678280698)"
23924,JB252053,05/06/2018 05:16:00 AM,087XX S HALSTED ST,0110,HOMICIDE,FIRST DEGREE MURDER,STREET,false,false,2223,022,21,71,01A,1172507,1846861,2018,05/13/2018 03:47:40 PM,41.735223542,-87.643589082,"(41.735223542, -87.643589082)"
23925,JB252885,05/06/2018 09:49:00 PM,024XX E 78TH ST,0110,HOMICIDE,FIRST DEGREE MURDER,ALLEY,false,false,0421,004,7,43,01A,1194131,1853732,2018,05/13/2018 03:47:40 PM,41.753575278,-87.564143634,"(41.753575278, -87.564143634)"
23926,JB252992,05/06/2018 11:56:00 PM,031XX W MADISON ST,0110,HOMICIDE,FIRST DEGREE MURDER,STREET,false,false,1124,011,28,27,01A,1155456,1899850,2018,05/13/2018 03:47:40 PM,41.880990522,-87.70463737,"(41.880990522, -87.70463737)"
23927,JB251220,05/07/2018 12:19:00 PM,037XX W ROOSEVELT RD,0110,HOMICIDE,FIRST DEGREE MURDER,STREET,false,false,1011,010,24,29,01A,1151592,1894452,2018,05/14/2018 03:52:59 PM,41.86625461,-87.718967674,"(41.86625461, -87.718967674)"
23928,JB253936,05/07/2018 05:00:00 PM,032XX W WALNUT ST,0110,HOMICIDE,FIRST DEGREE MURDER,STREET,false,false,1123,011,28,27,01A,1154762,1901446,2018,05/14/2018 03:52:59 PM,41.885384029,-87.70714294,"(41.885384029, -87.70714294)"
23929,JB255169,05/08/2018 03:41:00 PM,066XX S JUSTINE ST,0110,HOMICIDE,FIRST DEGREE MURDER,PORCH,false,false,0725,007,17,67,01A,1167151,1860645,2018,05/15/2018 03:55:49 PM,41.773164853,-87.662817746,"(41.773164853, -87.662817746)"
23930,JB255779,05/08/2018 09:04:00 PM,061XX S RACINE AVE,0110,HOMICIDE,FIRST DEGREE MURDER,YARD,false,false,0712,007,16,68,01A,1169371,1864116,2018,05/15/2018 03:55:49 PM,41.782641916,-87.654579337,"(41.782641916, -87.654579337)"
23931,JB255764,05/08/2018 09:21:00 PM,069XX S CARPENTER ST,0110,HOMICIDE,FIRST DEGREE MURDER,YARD,false,false,0733,007,17,68,01A,1170513,1858727,2018,05/15/2018 03:55:49 PM,41.767829035,-87.650549297,"(41.767829035, -87.650549297)"
23932,JB255834,05/08/2018 10:02:00 PM,022XX S KILDARE AVE,0110,HOMICIDE,FIRST DEGREE MURDER,STREET,false,false,1013,010,22,29,01A,1148292,1888825,2018,05/15/2018 03:55:49 PM,41.850877591,-87.731227235,"(41.850877591, -87.731227235)"
23933,JB260180,05/11/2018 11:17:00 PM,001XX S ALBANY AVE,0110,HOMICIDE,FIRST DEGREE MURDER,STREET,false,false,1124,011,28,27,01A,1155927,1899255,2018,05/18/2018 03:52:39 PM,41.879348302,-87.702923931,"(41.879348302, -87.702923931)"
23934,JB258088,05/11/2018 06:21:00 AM,033XX W GLADYS AVE,0110,HOMICIDE,FIRST DEGREE MURDER,PARK PROPERTY,false,false,1134,011,28,27,01A,1154354,1898103,2018,05/18/2018 03:52:39 PM,41.876218655,-87.708730543,"(41.876218655, -87.708730543)"
23935,JB260251,05/12/2018 01:04:00 AM,027XX E 75TH ST,0110,HOMICIDE,FIRST DEGREE MURDER,STREET,false,false,0334,003,7,43,01A,1195735,1856117,2018,05/19/2018 03:48:17 PM,41.760080391,-87.558186925,"(41.760080391, -87.558186925)"
23936,JB260275,05/12/2018 01:30:00 AM,091XX S COTTAGE GROVE AVE,0110,HOMICIDE,FIRST DEGREE MURDER,STREET,false,false,0633,006,8,44,01A,1183158,1844656,2018,05/19/2018 03:48:17 PM,41.728931909,-87.604636832,"(41.728931909, -87.604636832)"
23938,JB262133,05/13/2018 05:43:00 PM,000XX W CHICAGO AVE,0110,HOMICIDE,FIRST DEGREE MURDER,HALLWAY,false,false,1832,018,42,8,01A,1175959,1905721,2018,05/20/2018 03:51:43 PM,41.896664035,-87.629175344,"(41.896664035, -87.629175344)"
23939,JB263568,05/14/2018 10:08:00 PM,030XX E 80TH ST,0110,HOMICIDE,FIRST DEGREE MURDER,STREET,false,false,0422,004,7,46,01A,1197788,1852506,2018,05/21/2018 04:00:15 PM,41.750120546,-87.550783209,"(41.750120546, -87.550783209)"
23940,JB263673,05/14/2018 07:20:00 PM,047XX W DEMING PL,0110,HOMICIDE,FIRST DEGREE MURDER,APARTMENT,false,false,2521,025,31,19,01A,1144421,1916627,2018,05/21/2018 04:00:15 PM,41.927243123,-87.744734834,"(41.927243123, -87.744734834)"
23941,JB235021,05/14/2018 04:04:00 PM,009XX N LATROBE AVE,0110,HOMICIDE,FIRST DEGREE MURDER,STREET,false,false,1524,015,37,25,01A,1141186,1905788,2018,05/21/2018 04:00:15 PM,41.897560025,-87.756889953,"(41.897560025, -87.756889953)"
23952,JA446993,01/11/2018 12:00:00 AM,086XX S STATE ST,0110,HOMICIDE,FIRST DEGREE MURDER,GAS STATION,false,false,0632,006,6,44,01A,1177802,1847510,2018,05/22/2018 04:05:33 PM,41.736886394,-87.624170849,"(41.736886394, -87.624170849)"
23942,JB264263,05/15/2018 11:40:00 AM,008XX N ST LOUIS AVE,0110,HOMICIDE,FIRST DEGREE MURDER,STREET,false,false,1121,011,27,23,01A,1152892,1905428,2018,05/22/2018 04:12:16 PM,41.896348274,-87.713904401,"(41.896348274, -87.713904401)"
23950,JB242881,05/16/2018 02:54:00 PM,049XX S CALUMET AVE,0110,HOMICIDE,FIRST DEGREE MURDER,STREET,false,false,0224,002,3,38,01A,1179265,1872440,2018,05/23/2018 04:05:40 PM,41.805263702,-87.618051298,"(41.805263702, -87.618051298)"
23943,JB266723,05/17/2018 01:13:00 AM,069XX S SANGAMON ST,0110,HOMICIDE,FIRST DEGREE MURDER,STREET,false,false,0733,007,17,68,01A,1171173,1858786,2018,05/24/2018 03:56:11 PM,41.767976536,-87.648128379,"(41.767976536, -87.648128379)"
23944,JB267664,05/17/2018 06:27:00 PM,011XX N MASON AVE,0110,HOMICIDE,FIRST DEGREE MURDER,YARD,false,false,1511,015,29,25,01A,1136490,1906930,2018,05/24/2018 03:56:11 PM,41.900779103,-87.774110737,"(41.900779103, -87.774110737)"
23945,JB267950,05/17/2018 09:09:00 PM,014XX S TRIPP AVE,0110,HOMICIDE,FIRST DEGREE MURDER,AUTO,false,false,1011,010,24,29,01A,1148285,1892754,2018,05/24/2018 03:56:11 PM,41.861659394,-87.731151793,"(41.861659394, -87.731151793)"
23946,JB268112,05/18/2018 02:43:00 AM,035XX S RHODES AVE,0110,HOMICIDE,FIRST DEGREE MURDER,STREET,false,false,0212,002,4,35,01A,1180162,1881716,2018,05/25/2018 03:49:37 PM,41.830697249,-87.614476891,"(41.830697249, -87.614476891)"
23947,JB269019,05/18/2018 06:02:00 PM,052XX S MAY ST,0110,HOMICIDE,FIRST DEGREE MURDER,STREET,false,false,0934,009,16,61,01A,1169539,1870144,2018,05/25/2018 03:49:37 PM,41.799179802,-87.653788713,"(41.799179802, -87.653788713)"
23948,JB269440,05/18/2018 11:34:00 PM,071XX S EUCLID AVE,0110,HOMICIDE,FIRST DEGREE MURDER,STREET,false,false,0333,003,5,43,01A,1190280,1857899,2018,05/25/2018 03:49:37 PM,41.765103492,-87.578121854,"(41.765103492, -87.578121854)"
23949,JB270276,05/19/2018 05:56:00 PM,054XX W FULTON ST,0110,HOMICIDE,FIRST DEGREE MURDER,STREET,true,false,1523,015,28,25,01A,1139665,1901475,2018,08/02/2018 03:50:34 PM,41.885752526,-87.762581859,"(41.885752526, -87.762581859)"
23951,JB271122,05/20/2018 12:30:00 PM,018XX S KOMENSKY AVE,0110,HOMICIDE,FIRST DEGREE MURDER,STREET,false,false,1012,010,24,29,01A,1149677,1890729,2018,05/27/2018 03:50:44 PM,41.856075642,-87.726094533,"(41.856075642, -87.726094533)"
23953,JB273286,05/22/2018 03:31:00 AM,030XX W BELMONT AVE,0110,HOMICIDE,FIRST DEGREE MURDER,GAS STATION,false,false,1411,014,33,21,01A,1155737,1921124,2018,05/29/2018 03:59:39 PM,41.939362537,-87.703031512,"(41.939362537, -87.703031512)"
23954,JB247027,05/23/2018 02:19:00 PM,053XX S PAULINA ST,0110,HOMICIDE,FIRST DEGREE MURDER,STREET,false,false,0932,009,16,61,01A,1165920,1869215,2018,05/30/2018 03:52:11 PM,41.796708258,-87.667086872,"(41.796708258, -87.667086872)"
23955,JB277538,05/25/2018 01:29:00 AM,008XX N CAMBRIDGE AVE,0110,HOMICIDE,FIRST DEGREE MURDER,CHA GROUNDS,false,false,1823,018,27,8,01A,1172522,1906024,2018,06/01/2018 03:50:54 PM,41.897572198,-87.641789773,"(41.897572198, -87.641789773)"
23956,JB277522,05/25/2018 01:26:00 AM,068XX S MORGAN ST,0110,HOMICIDE,FIRST DEGREE MURDER,STREET,false,false,0724,007,17,68,01A,1170824,1859466,2018,06/01/2018 03:50:54 PM,41.769850162,-87.649387803,"(41.769850162, -87.649387803)"
23957,JB278940,05/25/2018 11:54:00 PM,091XX S ABERDEEN ST,0110,HOMICIDE,FIRST DEGREE MURDER,STREET,false,false,2222,022,21,73,01A,1170590,1844293,2018,06/01/2018 03:50:54 PM,41.72821853,-87.650686805,"(41.72821853, -87.650686805)"
23958,JB279042,05/26/2018 01:26:00 AM,023XX W 70TH ST,0110,HOMICIDE,FIRST DEGREE MURDER,STREET,false,false,0832,008,17,66,01A,1161838,1858186,2018,06/02/2018 03:48:31 PM,41.766529029,-87.682362215,"(41.766529029, -87.682362215)"
23960,JB280075,05/26/2018 09:11:00 PM,008XX W 76TH ST,0110,HOMICIDE,FIRST DEGREE MURDER,STREET,false,false,0621,006,17,71,01A,1172142,1854464,2018,06/02/2018 03:48:31 PM,41.756095195,-87.644703378,"(41.756095195, -87.644703378)"
23961,JB278598,05/26/2018 01:37:00 PM,045XX W WEST END AVE,0110,HOMICIDE,FIRST DEGREE MURDER,VACANT LOT,false,false,1113,011,28,26,01A,1145967,1900587,2018,06/02/2018 03:48:31 PM,41.883198401,-87.739461917,"(41.883198401, -87.739461917)"
11243655,JB168387,02/28/2018 10:46:56 AM,018XX W 59TH ST,0142,HOMICIDE,RECKLESS HOMICIDE,STREET,true,false,0715,007,15,67,01B,1164937,1865549,2018,06/20/2018 04:03:16 PM,41.786669148,-87.670795242,"(41.786669148, -87.670795242)"
23962,JB280624,05/27/2018 08:26:00 AM,050XX S DREXEL BLVD,0110,HOMICIDE,FIRST DEGREE MURDER,STREET,false,false,0223,002,4,39,01A,1183035,1871860,2018,06/03/2018 03:52:24 PM,41.803585208,-87.60424269,"(41.803585208, -87.60424269)"
23964,JB282802,05/28/2018 09:42:00 PM,007XX S ALBANY AVE,0110,HOMICIDE,FIRST DEGREE MURDER,STREET,false,false,1134,011,24,27,01A,1155820,1896392,2018,06/04/2018 04:01:50 PM,41.871494094,-87.703393974,"(41.871494094, -87.703393974)"
23963,JB281697,05/28/2018 01:11:00 AM,051XX W FLOURNOY ST,0110,HOMICIDE,FIRST DEGREE MURDER,STREET,true,false,1533,015,24,25,01A,1142131,1896471,2018,07/14/2018 03:49:06 PM,41.871975557,-87.753650193,"(41.871975557, -87.753650193)"
23965,JB284616,05/30/2018 04:20:00 AM,007XX S CLARK ST,0110,HOMICIDE,FIRST DEGREE MURDER,STREET,false,false,0123,001,2,32,01A,1175636,1897020,2018,06/06/2018 03:54:13 PM,41.872795266,-87.63062334,"(41.872795266, -87.63062334)"
23966,JB285952,05/30/2018 09:28:00 PM,053XX W WASHINGTON BLVD,0110,HOMICIDE,FIRST DEGREE MURDER,STREET,true,false,1523,015,28,25,01A,1140856,1900236,2018,06/06/2018 03:54:13 PM,41.882330734,-87.758238691,"(41.882330734, -87.758238691)"
23967,JB286710,05/31/2018 12:50:00 PM,049XX W ARTHINGTON ST,0110,HOMICIDE,FIRST DEGREE MURDER,STREET,false,false,1533,015,24,25,01A,1143826,1895518,2018,06/07/2018 03:54:58 PM,41.869328824,-87.747450946,"(41.869328824, -87.747450946)"
23972,JB286655,05/31/2018 12:35:00 PM,068XX S ARTESIAN AVE,0110,HOMICIDE,FIRST DEGREE MURDER,HOUSE,false,false,0832,008,15,66,01A,1161221,1859256,2018,06/07/2018 03:54:58 PM,41.769478054,-87.684594184,"(41.769478054, -87.684594184)"
23968,JB287275,05/31/2018 08:52:00 PM,064XX S HOYNE AVE,0110,HOMICIDE,FIRST DEGREE MURDER,PORCH,true,false,0726,007,15,67,01A,1163471,1861913,2018,07/05/2018 03:53:26 PM,41.776722357,-87.676272259,"(41.776722357, -87.676272259)"
23969,JB287662,06/01/2018 12:40:00 AM,020XX W 71ST ST,0110,HOMICIDE,FIRST DEGREE MURDER,AUTO,false,false,0735,007,17,67,01A,1163809,1857569,2018,06/08/2018 03:51:14 PM,41.764794734,-87.675155029,"(41.764794734, -87.675155029)"
23970,JB290636,06/03/2018 03:03:00 AM,012XX W 73RD PL,0110,HOMICIDE,FIRST DEGREE MURDER,STREET,false,false,0734,007,17,67,01A,1169094,1856038,2018,06/10/2018 03:50:33 PM,41.760480866,-87.655828204,"(41.760480866, -87.655828204)"
23971,JB290838,06/03/2018 05:29:00 PM,007XX N TRUMBULL AVE,0110,HOMICIDE,FIRST DEGREE MURDER,STREET,false,false,1121,011,27,23,01A,1153247,1904687,2018,06/10/2018 03:50:33 PM,41.894307857,-87.712620235,"(41.894307857, -87.712620235)"
23973,JB291891,06/04/2018 12:56:00 AM,009XX W 119TH ST,0110,HOMICIDE,FIRST DEGREE MURDER,APARTMENT,false,false,0524,005,34,53,01A,1172373,1825925,2018,06/11/2018 03:52:24 PM,41.677774958,-87.644693367,"(41.677774958, -87.644693367)"
23974,JB293492,06/05/2018 03:49:00 AM,040XX W FIFTH AVE,0110,HOMICIDE,FIRST DEGREE MURDER,PARKING LOT,false,false,1132,011,24,26,01A,1149609,1896815,2018,06/12/2018 03:54:25 PM,41.87277767,-87.726186144,"(41.87277767, -87.726186144)"
23975,JB293524,06/05/2018 06:31:00 AM,017XX W TOUHY AVE,0110,HOMICIDE,FIRST DEGREE MURDER,APARTMENT,true,false,2423,024,49,1,01A,1163477,1947890,2018,06/12/2018 03:54:25 PM,42.012649769,-87.67382751,"(42.012649769, -87.67382751)"
23976,JB294732,06/06/2018 09:37:00 PM,047XX W CONGRESS PKWY,0110,HOMICIDE,FIRST DEGREE MURDER,YARD,false,false,1131,011,24,25,01A,1144895,1897274,2018,06/13/2018 04:15:47 PM,41.874127418,-87.743482018,"(41.874127418, -87.743482018)"
23994,F780368,03/03/2018 01:25:00 PM,035XX S RHODES AVE,0110,HOMICIDE,FIRST DEGREE MURDER,APARTMENT,true,false,0212,002,4,35,01A,1180172,1881335,2018,09/25/2018 04:08:11 PM,41.829651528,-87.614451899,"(41.829651528, -87.614451899)"
23980,JB297704,06/08/2018 01:27:00 AM,026XX W NORTH AVE,0110,HOMICIDE,FIRST DEGREE MURDER,STREET,false,false,1423,014,26,24,01A,1158693,1910541,2018,06/15/2018 04:08:10 PM,41.910261865,-87.692458063,"(41.910261865, -87.692458063)"
23981,JB297878,06/08/2018 09:05:00 AM,002XX N HAMLIN BLVD,0110,HOMICIDE,FIRST DEGREE MURDER,STREET,false,false,1122,011,28,26,01A,1151016,1901153,2018,06/15/2018 04:08:10 PM,41.884654191,-87.720906709,"(41.884654191, -87.720906709)"
23982,JB298782,06/08/2018 07:24:00 PM,016XX S HOMAN AVE,0110,HOMICIDE,FIRST DEGREE MURDER,STREET,false,false,1021,010,24,29,01A,1153970,1891592,2018,06/15/2018 04:08:10 PM,41.858359419,-87.710313967,"(41.858359419, -87.710313967)"
23983,JB298983,06/08/2018 10:16:00 PM,079XX S MUSKEGON AVE,0110,HOMICIDE,FIRST DEGREE MURDER,STREET,false,false,0422,004,7,46,01A,1196551,1852835,2018,06/15/2018 04:08:10 PM,41.751054131,-87.555305122,"(41.751054131, -87.555305122)"
23979,JB296992,06/09/2018 02:59:00 AM,047XX S VINCENNES AVE,0110,HOMICIDE,FIRST DEGREE MURDER,STREET,false,false,0223,002,3,38,01A,1180398,1873719,2018,06/16/2018 03:51:19 PM,41.808747436,-87.613856692,"(41.808747436, -87.613856692)"
23984,JB299145,06/09/2018 02:53:00 AM,072XX S WESTERN AVE,0110,HOMICIDE,FIRST DEGREE MURDER,STREET,false,false,0832,008,18,66,01A,1161626,1856687,2018,06/16/2018 03:51:19 PM,41.762419957,-87.683180808,"(41.762419957, -87.683180808)"
23985,JB299286,06/09/2018 06:33:00 AM,045XX S CHAMPLAIN AVE,0110,HOMICIDE,FIRST DEGREE MURDER,STREET,false,false,0221,002,3,38,01A,1181467,1875056,2018,06/16/2018 03:51:19 PM,41.812391646,-87.609894589,"(41.812391646, -87.609894589)"
23986,JB300182,06/09/2018 08:58:00 PM,076XX S RHODES AVE,0110,HOMICIDE,FIRST DEGREE MURDER,STREET,false,false,0624,006,6,69,01A,1181227,1854486,2018,06/16/2018 03:51:19 PM,41.755951187,-87.611408386,"(41.755951187, -87.611408386)"
23987,JB300432,06/10/2018 01:37:00 AM,064XX S EBERHART AVE,0110,HOMICIDE,FIRST DEGREE MURDER,STREET,false,false,0312,003,20,42,01A,1180687,1862338,2018,06/17/2018 03:50:56 PM,41.777510301,-87.613146407,"(41.777510301, -87.613146407)"
23989,JB300560,06/10/2018 04:46:00 AM,019XX W GARFIELD BLVD,0110,HOMICIDE,FIRST DEGREE MURDER,GAS STATION,false,false,0932,009,16,61,01A,1164157,1868187,2018,06/17/2018 03:50:56 PM,41.793924612,-87.673580917,"(41.793924612, -87.673580917)"
23990,JB301261,06/10/2018 05:53:00 PM,054XX S WINCHESTER AVE,0110,HOMICIDE,FIRST DEGREE MURDER,PORCH,false,false,0932,009,16,61,01A,1164281,1868581,2018,06/17/2018 03:50:56 PM,41.795003185,-87.673115119,"(41.795003185, -87.673115119)"
23991,JB300919,06/10/2018 12:52:00 PM,100XX S FOREST AVE,0110,HOMICIDE,FIRST DEGREE MURDER,HOUSE,false,false,0511,005,9,49,01A,1180017,1838564,2018,06/17/2018 03:50:56 PM,41.71228708,-87.616328826,"(41.71228708, -87.616328826)"
23996,JB303734,06/14/2018 01:38:00 PM,003XX E 75TH ST,0110,HOMICIDE,FIRST DEGREE MURDER,LIQUOR STORE,true,false,0323,003,6,69,01A,1179496,1855350,2018,07/03/2018 03:53:07 PM,41.758361783,-87.617725721,"(41.758361783, -87.617725721)"
23997,JB307013,06/14/2018 05:47:00 PM,013XX W 108TH PL,0110,HOMICIDE,FIRST DEGREE MURDER,YARD,false,false,2234,022,34,75,01A,1169349,1832816,2018,06/21/2018 04:04:58 PM,41.696750796,-87.655563772,"(41.696750796, -87.655563772)"
23998,JB307399,06/15/2018 12:01:00 AM,042XX W WILCOX ST,0110,HOMICIDE,FIRST DEGREE MURDER,STREET,false,false,1115,011,28,26,01A,1148099,1898998,2018,06/22/2018 03:53:00 PM,41.878797251,-87.731673919,"(41.878797251, -87.731673919)"
23999,JB307723,06/15/2018 09:43:00 AM,050XX N BERNARD ST,0110,HOMICIDE,FIRST DEGREE MURDER,HOUSE,true,false,1712,017,39,13,01A,1152477,1933078,2018,06/22/2018 03:53:00 PM,41.972230291,-87.714695829,"(41.972230291, -87.714695829)"
24000,JB308673,06/15/2018 10:07:00 PM,005XX E 63RD ST,0110,HOMICIDE,FIRST DEGREE MURDER,STREET,false,false,0313,003,20,42,01A,1180777,1863351,2018,06/22/2018 03:53:00 PM,41.780288003,-87.612785352,"(41.780288003, -87.612785352)"
24001,JB308673,06/15/2018 10:17:00 PM,005XX E 63RD ST,0110,HOMICIDE,FIRST DEGREE MURDER,STREET,false,false,0313,003,20,42,01A,1180777,1863351,2018,06/22/2018 03:53:00 PM,41.780288003,-87.612785352,"(41.780288003, -87.612785352)"
24018,JB142659,02/06/2018 03:51:00 AM,040XX W WILCOX ST,0110,HOMICIDE,FIRST DEGREE MURDER,APARTMENT,false,false,1115,011,28,26,01A,1149448,1899029,2018,06/24/2018 03:47:52 PM,41.878856261,-87.726719805,"(41.878856261, -87.726719805)"
24019,JB142659,02/06/2018 03:51:00 AM,040XX W WILCOX ST,0110,HOMICIDE,FIRST DEGREE MURDER,APARTMENT,false,false,1115,011,28,26,01A,1149448,1899029,2018,06/24/2018 03:47:52 PM,41.878856261,-87.726719805,"(41.878856261, -87.726719805)"
24002,JB308725,06/16/2018 03:30:00 AM,067XX S PARNELL AVE,0110,HOMICIDE,FIRST DEGREE MURDER,PARKING LOT,false,true,0722,007,6,68,01A,1173731,1860240,2018,06/23/2018 03:54:12 PM,41.771910178,-87.638709117,"(41.771910178, -87.638709117)"
24005,JB308785,06/16/2018 06:00:00 PM,016XX E 53RD ST,0110,HOMICIDE,FIRST DEGREE MURDER,STREET,false,false,0234,002,5,41,01A,1188254,1870450,2018,06/23/2018 03:54:12 PM,41.799592992,-87.585147348,"(41.799592992, -87.585147348)"
24006,JB309066,06/16/2018 07:36:00 AM,034XX W CARROLL AVE,0110,HOMICIDE,FIRST DEGREE MURDER,STREET,false,false,1123,011,28,27,01A,1153330,1902186,2018,06/23/2018 03:54:12 PM,41.887443217,-87.712381872,"(41.887443217, -87.712381872)"
24007,JB310395,06/17/2018 06:36:00 AM,058XX S PEORIA ST,0110,HOMICIDE,FIRST DEGREE MURDER,STREET,false,false,0712,007,16,68,01A,1171310,1865958,2018,06/24/2018 03:50:08 PM,41.787654353,-87.647416526,"(41.787654353, -87.647416526)"
24009,JB311306,06/17/2018 09:34:00 PM,065XX S MAPLEWOOD AVE,0110,HOMICIDE,FIRST DEGREE MURDER,STREET,false,false,0832,008,15,66,01A,1160500,1861132,2018,06/24/2018 03:50:08 PM,41.774640959,-87.687185395,"(41.774640959, -87.687185395)"
24016,JB310763,06/17/2018 01:00:00 PM,025XX W 70TH ST,0110,HOMICIDE,FIRST DEGREE MURDER,APARTMENT,false,true,0832,008,18,66,01A,1160472,1858148,2018,06/24/2018 03:50:08 PM,41.766453012,-87.687370197,"(41.766453012, -87.687370197)"
24008,JB310642,06/17/2018 12:36:00 PM,016XX N LUNA AVE,0110,HOMICIDE,FIRST DEGREE MURDER,STREET,true,false,2532,025,37,25,01A,1139157,1910260,2018,07/10/2018 03:57:40 PM,41.909868892,-87.764233371,"(41.909868892, -87.764233371)"
24021,JB300144,06/17/2018 04:05:00 PM,045XX W ROOSEVELT RD,0110,HOMICIDE,FIRST DEGREE MURDER,PARKING LOT,true,false,1131,011,24,29,01A,1146019,1894308,2018,07/03/2018 03:53:07 PM,41.865967079,-87.739430507,"(41.865967079, -87.739430507)"
24010,JB311508,06/18/2018 03:39:00 AM,031XX W 40TH ST,0110,HOMICIDE,FIRST DEGREE MURDER,HOUSE,true,false,0921,009,14,58,01A,1156091,1877928,2018,06/25/2018 03:52:40 PM,41.820821284,-87.702896654,"(41.820821284, -87.702896654)"
24011,JB311624,06/18/2018 05:23:00 AM,012XX S LOOMIS ST,0110,HOMICIDE,FIRST DEGREE MURDER,STREET,false,false,1233,012,2,28,01A,1167237,1894351,2018,06/25/2018 03:52:40 PM,41.865655856,-87.661536457,"(41.865655856, -87.661536457)"
24013,JB312209,06/18/2018 01:58:00 PM,005XX N LARAMIE AVE,0110,HOMICIDE,FIRST DEGREE MURDER,STREET,false,false,1532,015,28,25,01A,1141611,1902851,2018,06/25/2018 03:52:40 PM,41.889492699,-87.755401618,"(41.889492699, -87.755401618)"
24012,JB311624,06/19/2018 01:14:00 AM,012XX S LOOMIS ST,0110,HOMICIDE,FIRST DEGREE MURDER,STREET,false,false,1233,012,2,28,01A,1167237,1894351,2018,06/26/2018 03:54:59 PM,41.865655856,-87.661536457,"(41.865655856, -87.661536457)"
24014,JB313093,06/19/2018 02:20:00 AM,000XX W 103RD ST,0110,HOMICIDE,FIRST DEGREE MURDER,HOTEL,false,false,0512,005,34,49,01A,1177576,1836668,2018,06/26/2018 03:54:59 PM,41.707139627,-87.625325518,"(41.707139627, -87.625325518)"
24015,JB314351,06/19/2018 09:55:00 PM,050XX S WOOD ST,0110,HOMICIDE,FIRST DEGREE MURDER,STREET,false,false,0931,009,16,61,01A,1165200,1871223,2018,06/26/2018 03:54:59 PM,41.802233734,-87.669670337,"(41.802233734, -87.669670337)"
24020,JB314967,06/21/2018 03:01:00 PM,063XX S PAULINA ST,0110,HOMICIDE,FIRST DEGREE MURDER,STREET,false,false,0725,007,15,67,01A,1166086,1862612,2018,09/18/2018 04:02:50 PM,41.778585275,-87.666665886,"(41.778585275, -87.666665886)"
24022,JB319606,06/23/2018 06:40:00 PM,055XX S SHIELDS AVE,0110,HOMICIDE,FIRST DEGREE MURDER,STREET,false,false,0711,007,3,68,01A,1174913,1868171,2018,06/30/2018 03:49:07 PM,41.793647419,-87.634139894,"(41.793647419, -87.634139894)"
24023,JB320901,06/24/2018 06:48:00 PM,119XX S MICHIGAN AVE,0110,HOMICIDE,FIRST DEGREE MURDER,STREET,false,false,0532,005,9,53,01A,1178992,1825652,2018,07/01/2018 03:55:31 PM,41.676878082,-87.620474006,"(41.676878082, -87.620474006)"
24028,JB320525,06/24/2018 07:20:00 PM,049XX S KEELER AVE,0110,HOMICIDE,FIRST DEGREE MURDER,GARAGE,true,false,0815,008,23,57,01A,1149194,1871617,2018,07/01/2018 03:55:31 PM,41.803639065,-87.728361417,"(41.803639065, -87.728361417)"
24024,JB321259,06/25/2018 12:03:00 AM,044XX S PRAIRIE AVE,0110,HOMICIDE,FIRST DEGREE MURDER,STREET,false,false,0215,002,3,38,01A,1178784,1875596,2018,07/02/2018 03:51:34 PM,41.813935009,-87.61971928,"(41.813935009, -87.61971928)"
24026,JB322801,06/25/2018 11:50:00 PM,123XX S YALE AVE,0110,HOMICIDE,FIRST DEGREE MURDER,STREET,false,false,0523,005,34,53,01A,1176840,1823147,2018,07/02/2018 03:51:34 PM,41.670052557,-87.6284259,"(41.670052557, -87.6284259)"
24025,JB322098,06/26/2018 03:43:00 PM,133XX S PRAIRIE AVE,0110,HOMICIDE,FIRST DEGREE MURDER,STREET,false,false,0533,005,9,54,01A,1180389,1816965,2018,07/03/2018 03:55:36 PM,41.653007794,-87.615625419,"(41.653007794, -87.615625419)"
24027,JB318641,06/26/2018 02:15:00 PM,001XX E 51ST ST,0110,HOMICIDE,FIRST DEGREE MURDER,STREET,false,false,0224,002,3,38,01A,1178154,1871244,2018,07/03/2018 03:55:36 PM,41.802007069,-87.622162249,"(41.802007069, -87.622162249)"
24031,JB311641,06/26/2018 11:02:00 AM,042XX W CARROLL AVE,0110,HOMICIDE,FIRST DEGREE MURDER,AUTO,false,false,1114,011,28,26,01A,1148023,1901960,2018,07/03/2018 03:55:36 PM,41.886926776,-87.731876755,"(41.886926776, -87.731876755)"
24029,JB325389,06/27/2018 08:03:00 PM,078XX S MARYLAND AVE,0110,HOMICIDE,FIRST DEGREE MURDER,STREET,false,false,0624,006,6,69,01A,1183262,1853178,2018,07/04/2018 03:53:35 PM,41.752314797,-87.603991283,"(41.752314797, -87.603991283)"
24030,JB325879,06/28/2018 07:02:00 AM,106XX S LAFAYETTE AVE,0110,HOMICIDE,FIRST DEGREE MURDER,HOUSE,true,false,0512,005,34,49,01A,1177815,1834251,2018,09/20/2018 03:58:47 PM,41.700501645,-87.624523155,"(41.700501645, -87.624523155)"
23833,JB158257,02/20/2018 01:06:00 AM,005XX W 68TH ST,0110,HOMICIDE,FIRST DEGREE MURDER,STREET,false,false,0722,007,6,68,01A,1174027,1859826,2018,02/27/2018 03:59:52 PM,41.770767549,-87.637636355,"(41.770767549, -87.637636355)"
24032,JB328771,06/30/2018 05:12:00 AM,056XX S WABASH AVE,0110,HOMICIDE,FIRST DEGREE MURDER,STREET,false,false,0225,002,20,40,01A,1177674,1867745,2018,07/07/2018 03:59:10 PM,41.792416366,-87.624028472,"(41.792416366, -87.624028472)"
24033,JB329596,06/30/2018 08:00:00 PM,079XX S GREENWOOD AVE,0110,HOMICIDE,FIRST DEGREE MURDER,APARTMENT,false,false,0624,006,8,44,01A,1184931,1852541,2018,07/07/2018 03:59:10 PM,41.750527818,-87.597895144,"(41.750527818, -87.597895144)"
24034,JB330247,07/01/2018 05:57:00 AM,066XX S WESTERN AVE,0110,HOMICIDE,FIRST DEGREE MURDER,AUTO,false,false,0832,008,15,66,01A,1161515,1860642,2018,07/08/2018 04:08:06 PM,41.773275343,-87.68347812,"(41.773275343, -87.68347812)"
23806,JB138832,02/03/2018 05:21:00 AM,004XX S PULASKI RD,0110,HOMICIDE,FIRST DEGREE MURDER,STREET,false,false,1132,011,24,26,01A,1149796,1897641,2018,02/10/2018 04:08:39 PM,41.875040676,-87.725478099,"(41.875040676, -87.725478099)"
23807,JB139392,02/03/2018 04:22:00 AM,001XX E 119TH PL,0110,HOMICIDE,FIRST DEGREE MURDER,STREET,false,false,0532,005,9,53,01A,1179224,1825756,2018,02/10/2018 04:08:39 PM,41.677158203,-87.619621673,"(41.677158203, -87.619621673)"
23809,JB140367,02/03/2018 09:03:00 PM,024XX W 63RD ST,0110,HOMICIDE,FIRST DEGREE MURDER,APARTMENT,true,true,0825,008,15,66,01A,1160989,1862809,2018,02/10/2018 04:08:39 PM,41.779232785,-87.685346466,"(41.779232785, -87.685346466)"
23817,JB101973,01/12/2018 07:00:00 AM,033XX N MARSHFIELD AVE,0110,HOMICIDE,FIRST DEGREE MURDER,YMCA,true,false,1922,019,44,6,01A,1164729,1922247,2018,02/28/2018 03:56:25 PM,41.942257928,-87.669951491,"(41.942257928, -87.669951491)"
23808,JB139690,02/03/2018 12:34:00 PM,077XX S YATES BLVD,0110,HOMICIDE,FIRST DEGREE MURDER,PORCH,true,false,0414,004,7,43,01A,1193541,1854151,2018,06/02/2018 03:46:15 PM,41.754739502,-87.56629204,"(41.754739502, -87.56629204)"
23757,JB100159,01/01/2018 02:46:00 AM,039XX W CORNELIA AVE,0110,HOMICIDE,FIRST DEGREE MURDER,AUTO,false,false,1732,017,30,21,01A,1149289,1922972,2018,01/08/2018 03:55:29 PM,41.944561251,-87.726681812,"(41.944561251, -87.726681812)"
23758,JB100522,01/01/2018 11:33:00 AM,026XX N HAMPDEN CT,0110,HOMICIDE,FIRST DEGREE MURDER,APARTMENT,false,false,1935,019,43,7,01A,1172664,1917743,2018,01/08/2018 03:55:29 PM,41.929726567,-87.64092074,"(41.929726567, -87.64092074)"
23759,JB100839,01/01/2018 06:27:00 PM,047XX S PRINCETON AVE,0110,HOMICIDE,FIRST DEGREE MURDER,AUTO,false,false,0935,009,3,37,01A,1175089,1873464,2018,01/08/2018 03:55:29 PM,41.808168003,-87.633336457,"(41.808168003, -87.633336457)"
23761,JB101043,01/01/2018 10:40:00 PM,081XX S STONY ISLAND AVE,0110,HOMICIDE,FIRST DEGREE MURDER,ALLEY,true,false,0411,004,8,45,01A,1188344,1851279,2018,07/25/2018 03:53:11 PM,41.746984035,-87.585428696,"(41.746984035, -87.585428696)"
23763,JB105765,01/05/2018 06:50:00 PM,053XX W LAKE ST,0110,HOMICIDE,FIRST DEGREE MURDER,STREET,false,false,1523,015,28,25,01A,1140721,1902054,2018,01/12/2018 03:58:33 PM,41.887322035,-87.758689717,"(41.887322035, -87.758689717)"
23762,JB105277,01/06/2018 12:54:00 PM,015XX E 62ND ST,0110,HOMICIDE,FIRST DEGREE MURDER,STREET,false,false,0314,003,5,42,01A,1187318,1864355,2018,01/13/2018 03:51:44 PM,41.782890153,-87.588773433,"(41.782890153, -87.588773433)"
23765,JB106545,01/06/2018 01:20:00 PM,072XX S MAY ST,0110,HOMICIDE,FIRST DEGREE MURDER,STREET,false,false,0733,007,17,68,01A,1169907,1856694,2018,01/13/2018 03:51:44 PM,41.762263405,-87.652829514,"(41.762263405, -87.652829514)"
23767,JB107731,01/07/2018 04:37:00 PM,007XX N CHRISTIANA AVE,0110,HOMICIDE,FIRST DEGREE MURDER,STREET,false,false,1121,011,27,23,01A,1153907,1904830,2018,01/14/2018 03:51:28 PM,41.894687135,-87.710192429,"(41.894687135, -87.710192429)"
23768,JB109411,01/09/2018 04:08:00 AM,015XX W GARFIELD BLVD,0110,HOMICIDE,FIRST DEGREE MURDER,PARKING LOT,false,false,0713,007,16,67,01A,1166851,1868115,2018,01/16/2018 04:04:00 PM,41.793669876,-87.66370422,"(41.793669876, -87.66370422)"
23772,JB110393,01/09/2018 08:36:00 PM,051XX W ADAMS ST,0110,HOMICIDE,FIRST DEGREE MURDER,STREET,false,false,1533,015,28,25,01A,1142053,1898843,2018,01/16/2018 04:04:00 PM,41.878486072,-87.753877774,"(41.878486072, -87.753877774)"
23771,JB109877,01/10/2018 03:03:00 AM,133XX S CALUMET AVE,0110,HOMICIDE,FIRST DEGREE MURDER,STREET,false,false,0533,005,9,54,01A,1180829,1816902,2018,01/17/2018 03:56:34 PM,41.652824848,-87.614017425,"(41.652824848, -87.614017425)"
23774,JB110632,01/10/2018 03:18:00 AM,013XX N LOREL AVE,0110,HOMICIDE,FIRST DEGREE MURDER,HOUSE,true,false,2532,025,37,25,01A,1140394,1908422,2018,01/17/2018 03:56:34 PM,41.904802597,-87.75973423,"(41.904802597, -87.75973423)"
23770,JB110156,01/09/2018 05:22:00 PM,019XX N ALBANY AVE,0110,HOMICIDE,FIRST DEGREE MURDER,STREET,true,false,1421,014,35,22,01A,1155202,1912541,2018,01/18/2018 03:52:54 PM,41.915820895,-87.705228873,"(41.915820895, -87.705228873)"
23773,JB111912,01/11/2018 05:51:00 AM,049XX S CICERO AVE,0110,HOMICIDE,FIRST DEGREE MURDER,GAS STATION,true,false,0815,008,23,56,01A,1145196,1871375,2018,01/18/2018 03:58:25 PM,41.803051264,-87.743030382,"(41.803051264, -87.743030382)"
23775,JB112212,01/11/2018 12:07:00 PM,053XX W RACE AVE,0110,HOMICIDE,FIRST DEGREE MURDER,STREET,false,false,1523,015,37,25,01A,1140682,1903038,2018,01/18/2018 03:58:25 PM,41.890022969,-87.758808744,"(41.890022969, -87.758808744)"
23776,JB115833,01/14/2018 11:03:00 AM,119XX S HARVARD AVE,0110,HOMICIDE,FIRST DEGREE MURDER,STREET,false,false,0522,005,34,53,01A,1176105,1825684,2018,01/22/2018 03:58:10 PM,41.677030954,-87.631040238,"(41.677030954, -87.631040238)"
23777,JB120039,01/18/2018 03:41:00 AM,066XX S EVANS AVE,0110,HOMICIDE,FIRST DEGREE MURDER,STREET,true,false,0321,003,20,42,01A,1182361,1861107,2018,04/25/2018 03:54:41 PM,41.774093686,-87.607047693,"(41.774093686, -87.607047693)"
23780,JB122301,01/20/2018 12:04:00 AM,029XX E 79TH ST,0110,HOMICIDE,FIRST DEGREE MURDER,STREET,false,false,0421,004,7,43,01A,1196965,1853146,2018,01/27/2018 03:53:35 PM,41.751897254,-87.553777728,"(41.751897254, -87.553777728)"
23782,JB123082,01/20/2018 01:53:00 PM,000XX W 69TH ST,0110,HOMICIDE,FIRST DEGREE MURDER,CTA PROPERTY,true,false,0731,007,6,69,01A,1177279,1859276,2018,02/04/2018 03:51:29 PM,41.769185486,-87.625732415,"(41.769185486, -87.625732415)"
23783,JB123800,01/21/2018 02:44:00 AM,129XX S HALSTED ST,0110,HOMICIDE,FIRST DEGREE MURDER,STREET,false,false,0523,005,34,53,01A,1173364,1818999,2018,01/28/2018 03:52:49 PM,41.658747067,-87.641269569,"(41.658747067, -87.641269569)"
23784,JB123810,01/21/2018 03:43:00 AM,060XX W BELDEN AVE,0110,HOMICIDE,FIRST DEGREE MURDER,STREET,false,false,2512,025,37,19,01A,1135913,1914660,2018,01/28/2018 03:52:49 PM,41.922001458,-87.776045651,"(41.922001458, -87.776045651)"
23785,JB123810,01/21/2018 03:45:00 AM,060XX W BELDEN AVE,0110,HOMICIDE,FIRST DEGREE MURDER,STREET,false,false,2512,025,37,19,01A,1135913,1914660,2018,01/28/2018 03:52:49 PM,41.922001458,-87.776045651,"(41.922001458, -87.776045651)"
23786,JB124819,01/22/2018 02:45:00 AM,058XX S SPRINGFIELD AVE,0110,HOMICIDE,FIRST DEGREE MURDER,AUTO,false,false,0822,008,13,62,01A,1151376,1865388,2018,01/29/2018 03:56:21 PM,41.786503336,-87.720521696,"(41.786503336, -87.720521696)"
23788,JB125943,01/22/2018 10:00:00 PM,026XX E 83RD ST,0110,HOMICIDE,FIRST DEGREE MURDER,STREET,false,false,0423,004,7,46,01A,1195113,1850446,2018,01/29/2018 03:56:21 PM,41.744534088,-87.560653171,"(41.744534088, -87.560653171)"
23787,JB125747,01/22/2018 06:28:00 PM,010XX E 80TH ST,0110,HOMICIDE,FIRST DEGREE MURDER,HOUSE,true,true,0631,006,8,44,01A,1184740,1852175,2018,04/26/2018 03:48:19 PM,41.749527954,-87.598606502,"(41.749527954, -87.598606502)"
23790,JB127183,01/23/2018 07:53:00 PM,042XX W HIRSCH ST,0110,HOMICIDE,FIRST DEGREE MURDER,AUTO,false,false,2534,025,37,23,01A,1148044,1908989,2018,01/30/2018 03:52:26 PM,41.906214695,-87.731618605,"(41.906214695, -87.731618605)"
23791,JB127534,01/24/2018 06:45:00 AM,004XX S PULASKI RD,0110,HOMICIDE,FIRST DEGREE MURDER,STREET,false,false,1132,011,24,26,01A,1149797,1897611,2018,01/31/2018 03:55:34 PM,41.874958334,-87.725475207,"(41.874958334, -87.725475207)"
23792,JB128067,01/24/2018 02:47:00 PM,050XX W FULLERTON AVE,0110,HOMICIDE,FIRST DEGREE MURDER,RETAIL STORE,true,false,2522,025,31,19,01A,1142454,1915492,2018,01/31/2018 03:55:34 PM,41.924165391,-87.751991106,"(41.924165391, -87.751991106)"
23793,JB130123,01/26/2018 10:32:00 AM,070XX S VINCENNES AVE,0110,HOMICIDE,FIRST DEGREE MURDER,STREET,false,false,0731,007,6,69,01A,1176892,1858475,2018,02/02/2018 03:49:15 PM,41.766996182,-87.627175072,"(41.766996182, -87.627175072)"
23796,JB131208,01/27/2018 02:27:00 AM,025XX W DIVISION ST,0110,HOMICIDE,FIRST DEGREE MURDER,AUTO,false,false,1423,014,26,24,01A,1159077,1907889,2018,02/03/2018 03:54:12 PM,41.902976682,-87.691120334,"(41.902976682, -87.691120334)"
23797,JB131588,01/27/2018 11:55:00 AM,013XX W 110TH PL,0110,HOMICIDE,FIRST DEGREE MURDER,STREET,false,false,2234,022,34,75,01A,1169282,1831488,2018,02/03/2018 03:54:12 PM,41.693107995,-87.655847332,"(41.693107995, -87.655847332)"
23798,JB135745,01/30/2018 09:51:00 PM,024XX W EASTWOOD AVE,0110,HOMICIDE,FIRST DEGREE MURDER,HOUSE,true,false,1911,019,47,4,01A,1159285,1930760,2018,02/09/2018 03:44:29 PM,41.965731951,-87.689725637,"(41.965731951, -87.689725637)"
23799,JB136342,01/31/2018 02:02:00 PM,111XX S EMERALD AVE,0110,HOMICIDE,FIRST DEGREE MURDER,APARTMENT,false,false,2233,022,34,49,01A,1173300,1831037,2018,02/07/2018 03:51:52 PM,41.691782717,-87.641149904,"(41.691782717, -87.641149904)"
23800,JB137001,01/31/2018 11:22:00 PM,047XX W ARTHINGTON ST,0110,HOMICIDE,FIRST DEGREE MURDER,STREET,false,false,1131,011,24,25,01A,1144911,1895611,2018,02/07/2018 03:51:52 PM,41.869563638,-87.743465231,"(41.869563638, -87.743465231)"
23801,JB137001,01/31/2018 11:22:00 PM,047XX W ARTHINGTON ST,0110,HOMICIDE,FIRST DEGREE MURDER,STREET,false,false,1131,011,24,25,01A,1144911,1895611,2018,02/07/2018 03:51:52 PM,41.869563638,-87.743465231,"(41.869563638, -87.743465231)"
23937,JB261522,05/13/2018 03:38:00 AM,079XX S DREXEL AVE,0110,HOMICIDE,FIRST DEGREE MURDER,APARTMENT,true,true,0624,006,8,44,01A,1183608,1852595,2018,07/10/2018 03:57:40 PM,41.750706929,-87.602741498,"(41.750706929, -87.602741498)"
24035,JB333078,07/03/2018 05:52:00 AM,000XX E 59TH ST,0110,HOMICIDE,FIRST DEGREE MURDER,AUTO,false,false,0232,002,20,40,01A,1177911,1865920,2018,07/10/2018 04:03:21 PM,41.787403018,-87.623214708,"(41.787403018, -87.623214708)"
24036,JB335959,07/05/2018 12:39:00 PM,008XX W EVERGREEN AVE,0110,HOMICIDE,FIRST DEGREE MURDER,RIVER BANK,false,false,1822,018,32,8,01A,1170175,1909048,2018,07/12/2018 03:56:08 PM,41.905921825,-87.650321536,"(41.905921825, -87.650321536)"
24053,JA568833,05/02/2018 01:59:00 PM,055XX N LINCOLN AVE,0110,HOMICIDE,FIRST DEGREE MURDER,HOTEL,true,false,2011,020,40,4,01A,1158188,1936762,2018,07/14/2018 03:49:06 PM,41.982224277,-87.693594288,"(41.982224277, -87.693594288)"
24037,JB338081,07/06/2018 04:47:00 PM,038XX W MONROE ST,0110,HOMICIDE,FIRST DEGREE MURDER,STREET,false,false,1122,011,28,26,01A,1150802,1899386,2018,07/13/2018 03:50:04 PM,41.87980954,-87.721738795,"(41.87980954, -87.721738795)"
24038,JB338517,07/06/2018 07:59:00 PM,093XX S LUELLA AVE,0110,HOMICIDE,FIRST DEGREE MURDER,STREET,false,false,0413,004,7,48,01A,1192807,1843407,2018,07/13/2018 03:50:04 PM,41.725274943,-87.569331431,"(41.725274943, -87.569331431)"
24046,JB335654,07/07/2018 03:49:00 PM,010XX N RIDGEWAY AVE,0110,HOMICIDE,FIRST DEGREE MURDER,AUTO,false,false,1112,011,27,23,01A,1151189,1906752,2018,07/14/2018 03:51:39 PM,41.900015031,-87.720124484,"(41.900015031, -87.720124484)"
24039,JB340227,07/08/2018 08:04:00 AM,110XX S STATE ST,0110,HOMICIDE,FIRST DEGREE MURDER,STREET,false,false,0513,005,34,49,01A,1178220,1831585,2018,07/15/2018 03:50:07 PM,41.693176605,-87.6231207,"(41.693176605, -87.6231207)"
24040,JB340365,07/08/2018 04:16:00 AM,030XX W JACKSON BLVD,0110,HOMICIDE,FIRST DEGREE MURDER,STREET,false,false,1124,011,28,27,01A,1156343,1898537,2018,07/15/2018 03:50:07 PM,41.877369643,-87.701415852,"(41.877369643, -87.701415852)"
24041,JB340723,07/08/2018 12:46:00 PM,055XX W HADDON AVE,0110,HOMICIDE,FIRST DEGREE MURDER,STREET,false,false,1524,015,37,25,01A,1139021,1907115,2018,07/15/2018 03:50:07 PM,41.901241115,-87.764809559,"(41.901241115, -87.764809559)"
24042,JB338913,07/08/2018 12:23:00 PM,002XX W 95TH ST,0110,HOMICIDE,FIRST DEGREE MURDER,STREET,false,false,0511,005,21,49,01A,1176151,1841938,2018,07/15/2018 03:50:07 PM,41.721633268,-87.630386283,"(41.721633268, -87.630386283)"
24043,JB344208,07/09/2018 08:16:00 PM,000XX E 63RD ST,0110,HOMICIDE,FIRST DEGREE MURDER,CTA BUS,false,false,0312,003,20,69,01A,1178252,1863237,2018,07/16/2018 04:10:11 PM,41.780032862,-87.622045795,"(41.780032862, -87.622045795)"
24044,JB344497,07/10/2018 11:10:00 PM,028XX W 57TH ST,0110,HOMICIDE,FIRST DEGREE MURDER,STREET,true,false,0824,008,16,63,01A,1158484,1866727,2018,07/17/2018 03:53:57 PM,41.79003576,-87.694423383,"(41.79003576, -87.694423383)"
24045,JB344519,07/10/2018 11:26:00 PM,085XX S HERMITAGE AVE,0110,HOMICIDE,FIRST DEGREE MURDER,ALLEY,false,false,0614,006,18,71,01A,1166165,1848114,2018,07/17/2018 03:53:57 PM,41.738799084,-87.666788086,"(41.738799084, -87.666788086)"
24047,JB345129,07/11/2018 01:12:00 PM,058XX S WINCHESTER AVE,0110,HOMICIDE,FIRST DEGREE MURDER,VACANT LOT,false,false,0715,007,15,67,01A,1164360,1865777,2018,07/18/2018 03:56:28 PM,41.787306991,-87.672904413,"(41.787306991, -87.672904413)"
24048,JB345230,07/11/2018 02:36:00 PM,078XX S GREENWOOD AVE,0110,HOMICIDE,FIRST DEGREE MURDER,STREET,false,false,0624,006,8,69,01A,1184912,1853262,2018,07/18/2018 03:56:28 PM,41.75250676,-87.597942186,"(41.75250676, -87.597942186)"
24049,JB345261,07/11/2018 03:58:00 PM,057XX S PAULINA ST,0110,HOMICIDE,FIRST DEGREE MURDER,STREET,false,false,0715,007,15,67,01A,1165988,1866736,2018,07/18/2018 03:56:28 PM,41.789904134,-87.66690798,"(41.789904134, -87.66690798)"
24050,JB345912,07/11/2018 11:30:00 PM,088XX S PAULINA ST,0110,HOMICIDE,FIRST DEGREE MURDER,YARD,false,false,2221,022,21,71,01A,1166552,1846136,2018,07/18/2018 03:56:28 PM,41.733362925,-87.665426433,"(41.733362925, -87.665426433)"
24051,JB345932,07/12/2018 12:46:00 AM,001XX E 120TH PL,0110,HOMICIDE,FIRST DEGREE MURDER,PORCH,false,false,0532,005,9,53,01A,1179478,1825098,2018,07/19/2018 03:58:29 PM,41.675346776,-87.618711939,"(41.675346776, -87.618711939)"
24052,JB345903,07/12/2018 01:12:00 AM,024XX W JARVIS AVE,0110,HOMICIDE,FIRST DEGREE MURDER,APARTMENT,false,false,2411,024,50,2,01A,1158835,1949037,2018,07/19/2018 03:58:29 PM,42.015894034,-87.69087606,"(42.015894034, -87.69087606)"
24054,JB346789,07/12/2018 05:31:00 PM,012XX W 81ST ST,0110,HOMICIDE,FIRST DEGREE MURDER,STREET,false,false,0612,006,21,71,01A,1169312,1851067,2018,07/19/2018 03:58:29 PM,41.746835062,-87.655172836,"(41.746835062, -87.655172836)"
24055,JB348808,07/13/2018 11:53:00 PM,014XX E 67TH PL,0110,HOMICIDE,FIRST DEGREE MURDER,AUTO,false,false,0332,003,5,43,01A,1187049,1860526,2018,07/20/2018 03:52:22 PM,41.772389445,-87.589881021,"(41.772389445, -87.589881021)"
24056,JB346048,07/12/2018 12:06:00 AM,013XX W 57TH ST,0110,HOMICIDE,FIRST DEGREE MURDER,APARTMENT,true,false,0713,007,16,67,01A,1168523,1866968,2018,08/31/2018 03:56:57 PM,41.790486472,-87.657606178,"(41.790486472, -87.657606178)"
11273288,JB207703,04/01/2018 04:34:00 PM,038XX S INDIANA AVE,0142,HOMICIDE,RECKLESS HOMICIDE,STREET,true,false,0212,002,3,35,01B,1178233,1879479,2018,07/20/2018 03:49:58 PM,41.824602821,-87.621622402,"(41.824602821, -87.621622402)"
23804,JB139324,02/02/2018 10:25:00 PM,030XX W JACKSON BLVD,0110,HOMICIDE,FIRST DEGREE MURDER,HOTEL,false,false,1124,011,28,27,01A,1156343,1898537,2018,02/09/2018 04:07:13 PM,41.877369643,-87.701415852,"(41.877369643, -87.701415852)"
23805,JB139300,02/02/2018 09:51:00 PM,086XX S CARPENTER ST,0110,HOMICIDE,FIRST DEGREE MURDER,HOUSE,true,true,0613,006,21,71,01A,1170825,1847590,2018,02/09/2018 04:07:13 PM,41.737260844,-87.649730029,"(41.737260844, -87.649730029)"
24057,JB349903,07/14/2018 08:04:00 PM,059XX W DIVERSEY AVE,0110,HOMICIDE,FIRST DEGREE MURDER,ALLEY,false,false,2514,025,30,19,01A,1136133,1917995,2018,07/21/2018 03:49:07 PM,41.931149149,-87.775157527,"(41.931149149, -87.775157527)"
24058,JB350108,07/14/2018 11:48:00 PM,048XX W FULTON ST,0110,HOMICIDE,FIRST DEGREE MURDER,STREET,false,false,1532,015,28,25,01A,1143898,1901492,2018,07/21/2018 03:49:07 PM,41.885720867,-87.74703679,"(41.885720867, -87.74703679)"
24059,JB350418,07/15/2018 07:45:00 AM,009XX N KEDVALE AVE,0110,HOMICIDE,FIRST DEGREE MURDER,STREET,false,false,1111,011,37,23,01A,1148545,1905987,2018,07/22/2018 04:00:00 PM,41.89796724,-87.729855801,"(41.89796724, -87.729855801)"
24060,JB350722,07/15/2018 01:14:00 PM,010XX N LEAMINGTON AVE,0110,HOMICIDE,FIRST DEGREE MURDER,APARTMENT,false,false,1531,015,37,25,01A,1141838,1906418,2018,07/22/2018 04:00:00 PM,41.899276772,-87.75447959,"(41.899276772, -87.75447959)"
24061,JB351180,07/15/2018 08:31:00 PM,049XX W ADAMS ST,0110,HOMICIDE,FIRST DEGREE MURDER,STREET,false,false,1533,015,28,25,01A,1143642,1898881,2018,07/22/2018 04:00:00 PM,41.878560762,-87.748042277,"(41.878560762, -87.748042277)"
24062,JB353877,07/17/2018 06:04:00 PM,097XX S WOODLAWN AVE,0110,HOMICIDE,FIRST DEGREE MURDER,STREET,false,false,0511,005,8,50,01A,1185921,1840542,2018,07/24/2018 04:15:32 PM,41.717577997,-87.594644745,"(41.717577997, -87.594644745)"
24063,JB354214,07/17/2018 10:21:00 PM,130XX S EVANS AVE,0110,HOMICIDE,FIRST DEGREE MURDER,STREET,true,false,0533,005,9,54,01A,1183714,1818768,2018,09/29/2018 03:54:15 PM,41.657878887,-87.603403725,"(41.657878887, -87.603403725)"
23802,JB137011,01/31/2018 11:26:00 PM,077XX S RACINE AVE,0110,HOMICIDE,FIRST DEGREE MURDER,STREET,true,false,0612,006,17,71,01A,1169662,1853531,2018,07/25/2018 03:53:11 PM,41.753589034,-87.653819041,"(41.753589034, -87.653819041)"
24065,JB353936,07/18/2018 04:58:00 AM,000XX S SPRINGFIELD AVE,0110,HOMICIDE,FIRST DEGREE MURDER,STREET,false,false,1122,011,28,26,01A,1150400,1899548,2018,07/25/2018 03:55:44 PM,41.880261937,-87.723210667,"(41.880261937, -87.723210667)"
24066,JB354304,07/18/2018 12:17:00 AM,067XX S WINCHESTER AVE,0110,HOMICIDE,FIRST DEGREE MURDER,STREET,false,false,0726,007,15,67,01A,1164519,1859959,2018,07/25/2018 03:55:44 PM,41.771338282,-87.672485365,"(41.771338282, -87.672485365)"
24067,JB355818,07/19/2018 02:00:00 AM,056XX S MICHIGAN AVE,0110,HOMICIDE,FIRST DEGREE MURDER,STREET,false,false,0225,002,20,40,01A,1178117,1867752,2018,07/26/2018 03:51:12 PM,41.792425533,-87.622403855,"(41.792425533, -87.622403855)"
24068,JB357065,07/19/2018 11:40:00 PM,081XX S LAFLIN ST,0110,HOMICIDE,FIRST DEGREE MURDER,STREET,false,false,0614,006,21,71,01A,1167754,1850662,2018,07/26/2018 03:51:12 PM,41.745757239,-87.66089335,"(41.745757239, -87.66089335)"
24079,JB215729,04/08/2018 07:53:00 AM,030XX N KNOX AVE,0110,HOMICIDE,FIRST DEGREE MURDER,ALLEY,true,false,2521,025,31,19,01A,1144832,1919919,2018,07/27/2018 03:53:27 PM,41.936268932,-87.743141292,"(41.936268932, -87.743141292)"
24069,JB357255,07/20/2018 07:20:00 AM,007XX E 42ND ST,0110,HOMICIDE,FIRST DEGREE MURDER,AUTO,false,false,0214,002,4,38,01A,1181958,1877315,2018,07/27/2018 03:56:39 PM,41.818579158,-87.608023685,"(41.818579158, -87.608023685)"
24070,JB357390,07/20/2018 09:02:00 AM,061XX S SANGAMON ST,0110,HOMICIDE,FIRST DEGREE MURDER,YARD,false,false,0712,007,16,68,01A,1171027,1864141,2018,07/27/2018 03:56:39 PM,41.782674487,-87.648507229,"(41.782674487, -87.648507229)"
24071,JB359746,07/21/2018 11:31:00 PM,002XX W 106TH ST,0110,HOMICIDE,FIRST DEGREE MURDER,STREET,false,false,0512,005,34,49,01A,1176557,1834650,2018,07/28/2018 03:48:35 PM,41.701624878,-87.629117507,"(41.701624878, -87.629117507)"
24072,JB359724,07/21/2018 11:33:00 PM,031XX W FULTON BLVD,0110,HOMICIDE,FIRST DEGREE MURDER,PARK PROPERTY,false,false,1222,012,27,27,01A,1155497,1901838,2018,07/28/2018 03:48:35 PM,41.886444966,-87.704433324,"(41.886444966, -87.704433324)"
24073,JB359729,07/21/2018 10:21:00 PM,013XX S AVERS AVE,0110,HOMICIDE,FIRST DEGREE MURDER,STREET,false,false,1011,010,24,29,01A,1150924,1893534,2018,07/28/2018 03:48:35 PM,41.863748604,-87.721444,"(41.863748604, -87.721444)"
24080,JB358424,07/21/2018 02:30:00 PM,031XX N KEDZIE AVE,0110,HOMICIDE,FIRST DEGREE MURDER,AUTO,false,false,1411,014,33,21,01A,1154472,1921041,2018,07/28/2018 03:48:35 PM,41.939160207,-87.707682987,"(41.939160207, -87.707682987)"
24075,JB360092,07/22/2018 06:03:00 AM,055XX S WELLS ST,0110,HOMICIDE,FIRST DEGREE MURDER,STREET,false,false,0711,007,3,68,01A,1175549,1868107,2018,07/29/2018 03:54:54 PM,41.793457578,-87.631809658,"(41.793457578, -87.631809658)"
24076,JB360092,07/22/2018 07:55:00 AM,055XX S WELLS ST,0110,HOMICIDE,FIRST DEGREE MURDER,STREET,false,false,0711,007,3,68,01A,1175549,1868107,2018,07/29/2018 03:54:54 PM,41.793457578,-87.631809658,"(41.793457578, -87.631809658)"
24078,JB359724,07/22/2018 08:28:00 PM,031XX W FULTON BLVD,0110,HOMICIDE,FIRST DEGREE MURDER,PARK PROPERTY,false,false,1222,012,27,27,01A,1155483,1901838,2018,07/29/2018 03:54:54 PM,41.886445247,-87.704484736,"(41.886445247, -87.704484736)"
24074,JB358768,07/23/2018 12:12:00 AM,011XX N CENTRAL PARK AVE,0110,HOMICIDE,FIRST DEGREE MURDER,APARTMENT,false,true,1112,011,27,23,01A,1152169,1907245,2018,07/30/2018 03:52:24 PM,41.901348592,-87.71651188,"(41.901348592, -87.71651188)"
24077,JB361048,07/23/2018 12:01:00 AM,003XX E 130TH ST,0110,HOMICIDE,FIRST DEGREE MURDER,PARKING LOT,false,false,0533,005,9,54,01A,1180742,1819194,2018,07/30/2018 03:52:24 PM,41.659116447,-87.614265792,"(41.659116447, -87.614265792)"
24081,JB365354,07/25/2018 10:05:00 PM,029XX W FIFTH AVE,0110,HOMICIDE,FIRST DEGREE MURDER,STREET,false,false,1124,011,2,27,01A,1156926,1899592,2018,08/01/2018 03:55:43 PM,41.880252868,-87.69924661,"(41.880252868, -87.69924661)"
24083,JB365133,07/25/2018 06:00:00 PM,019XX S HARDING AVE,0110,HOMICIDE,FIRST DEGREE MURDER,APARTMENT,false,false,1014,010,24,29,01A,1150365,1890163,2018,08/24/2018 04:06:36 PM,41.85450909,-87.723583958,"(41.85450909, -87.723583958)"
24112,JB381079,08/06/2018 12:50:00 AM,130XX S DREXEL AVE,0110,HOMICIDE,FIRST DEGREE MURDER,PORCH,false,false,0533,005,9,54,01A,1184678,1818786,2018,08/13/2018 03:59:05 PM,41.657905826,-87.599875727,"(41.657905826, -87.599875727)"
24113,JB381534,08/06/2018 11:48:00 AM,091XX S COTTAGE GROVE AVE,0110,HOMICIDE,FIRST DEGREE MURDER,STREET,false,false,0633,006,8,44,01A,1183156,1844727,2018,08/13/2018 03:59:05 PM,41.729126787,-87.604641957,"(41.729126787, -87.604641957)"
24114,JB375128,08/06/2018 02:34:00 PM,087XX S STATE ST,0110,HOMICIDE,FIRST DEGREE MURDER,GAS STATION DRIVE/PROP.,false,false,0632,006,6,44,01A,1177810,1847135,2018,08/13/2018 03:59:05 PM,41.735857166,-87.624152861,"(41.735857166, -87.624152861)"
24115,JB383227,08/07/2018 02:00:00 PM,012XX N KEELER AVE,0110,HOMICIDE,FIRST DEGREE MURDER,STREET,false,false,2534,025,37,23,01A,1148148,1908129,2018,08/14/2018 04:06:48 PM,41.903852765,-87.731258743,"(41.903852765, -87.731258743)"
24116,JB383719,08/07/2018 07:00:00 PM,001XX E 124TH ST,0110,HOMICIDE,FIRST DEGREE MURDER,YARD,false,false,0532,005,9,53,01A,1179230,1822766,2018,08/14/2018 04:06:48 PM,41.668953053,-87.619690349,"(41.668953053, -87.619690349)"
24082,JB365528,07/26/2018 01:17:00 AM,052XX S PEORIA ST,0110,HOMICIDE,FIRST DEGREE MURDER,STREET,false,false,0934,009,3,61,01A,1171196,1870143,2018,08/02/2018 03:53:00 PM,41.799140951,-87.647712137,"(41.799140951, -87.647712137)"
24085,JB366732,07/26/2018 08:58:00 PM,055XX S LAFAYETTE AVE,0110,HOMICIDE,FIRST DEGREE MURDER,PORCH,false,false,0225,002,3,40,01A,1176926,1868135,2018,08/02/2018 03:53:00 PM,41.793503467,-87.626759506,"(41.793503467, -87.626759506)"
24084,JB366917,07/27/2018 02:00:00 AM,069XX S EAST END AVE,0110,HOMICIDE,FIRST DEGREE MURDER,STREET,false,false,0332,003,5,43,01A,1188977,1859280,2018,08/03/2018 04:16:20 PM,41.768924366,-87.582853494,"(41.768924366, -87.582853494)"
24086,JB367346,07/27/2018 11:42:00 AM,104XX S WABASH AVE,0110,HOMICIDE,FIRST DEGREE MURDER,STREET,false,false,0512,005,9,49,01A,1178421,1835701,2018,08/03/2018 04:16:20 PM,41.704466939,-87.622260387,"(41.704466939, -87.622260387)"
24089,JB368383,07/27/2018 11:58:00 PM,024XX W MADISON ST,0110,HOMICIDE,FIRST DEGREE MURDER,STREET,true,false,1125,011,2,28,01A,1160055,1899942,2018,08/03/2018 04:16:20 PM,41.881149287,-87.687747582,"(41.881149287, -87.687747582)"
24088,JB368403,07/28/2018 12:29:00 AM,053XX S MARSHFIELD AVE,0110,HOMICIDE,FIRST DEGREE MURDER,STREET,false,false,0932,009,16,61,01A,1166249,1869311,2018,08/04/2018 03:58:12 PM,41.79696469,-87.665877661,"(41.79696469, -87.665877661)"
24090,JB368580,07/28/2018 04:53:00 AM,071XX W GRAND AVE,0110,HOMICIDE,FIRST DEGREE MURDER,STREET,false,false,2512,025,36,18,01A,1128038,1915268,2018,08/04/2018 03:58:12 PM,41.923806678,-87.804967456,"(41.923806678, -87.804967456)"
24091,JB369679,07/28/2018 11:56:00 PM,003XX S WASHTENAW AVE,0110,HOMICIDE,FIRST DEGREE MURDER,STREET,false,false,1125,011,2,27,01A,1158436,1898241,2018,08/04/2018 03:58:12 PM,41.876514847,-87.693739012,"(41.876514847, -87.693739012)"
24092,JB370655,07/29/2018 07:58:00 PM,106XX S GREEN BAY AVE,0110,HOMICIDE,FIRST DEGREE MURDER,STREET,false,false,0432,004,10,52,01A,1200525,1834992,2018,08/05/2018 03:55:07 PM,41.701992038,-87.541344349,"(41.701992038, -87.541344349)"
24093,JB370813,07/29/2018 10:43:00 PM,041XX W POTOMAC AVE,0110,HOMICIDE,FIRST DEGREE MURDER,STREET,false,false,2534,025,37,23,01A,1148501,1908338,2018,08/05/2018 03:55:07 PM,41.904419476,-87.729956677,"(41.904419476, -87.729956677)"
24094,JB347307,07/29/2018 06:41:00 PM,082XX S WENTWORTH AVE,0110,HOMICIDE,FIRST DEGREE MURDER,STREET,false,false,0622,006,21,44,01A,1176422,1850328,2018,08/05/2018 03:55:07 PM,41.744650431,-87.629142232,"(41.744650431, -87.629142232)"
24095,JB372197,07/30/2018 10:27:00 PM,047XX S FORRESTVILLE AVE,0110,HOMICIDE,FIRST DEGREE MURDER,STREET,false,false,0223,002,3,38,01A,1180724,1873803,2018,08/06/2018 04:01:16 PM,41.808970443,-87.612658422,"(41.808970443, -87.612658422)"
24096,JB372406,07/31/2018 01:10:00 AM,015XX W 79TH ST,0110,HOMICIDE,FIRST DEGREE MURDER,ALLEY,false,false,0612,006,21,71,01A,1167432,1852342,2018,08/07/2018 04:02:59 PM,41.750374294,-87.662025195,"(41.750374294, -87.662025195)"
24097,JB361858,07/31/2018 08:40:00 PM,026XX S DRAKE AVE,0110,HOMICIDE,FIRST DEGREE MURDER,STREET,false,false,1032,010,22,30,01A,1153126,1886278,2018,08/07/2018 04:02:59 PM,41.843793935,-87.713552786,"(41.843793935, -87.713552786)"
24098,JB373534,08/01/2018 06:20:00 AM,025XX N WESTERN AVE,0110,HOMICIDE,FIRST DEGREE MURDER,STREET,true,false,1431,014,35,22,01A,1159933,1916815,2018,08/08/2018 04:16:44 PM,41.927452663,-87.687729271,"(41.927452663, -87.687729271)"
24099,JB376732,08/03/2018 10:43:00 AM,050XX N ALBANY AVE,0110,HOMICIDE,FIRST DEGREE MURDER,STREET,false,false,1713,017,33,14,01A,1154800,1933217,2018,08/10/2018 04:09:29 PM,41.972565366,-87.706149985,"(41.972565366, -87.706149985)"
24100,JB377985,08/03/2018 08:16:00 PM,077XX S SOUTH SHORE DR,0110,HOMICIDE,FIRST DEGREE MURDER,PORCH,false,false,0421,004,7,43,01A,1197240,1854764,2018,08/10/2018 04:09:29 PM,41.756330319,-87.552716204,"(41.756330319, -87.552716204)"
24101,JB378276,08/04/2018 12:55:00 AM,122XX S STATE ST,0110,HOMICIDE,FIRST DEGREE MURDER,STREET,false,false,0523,005,9,53,01A,1178454,1823989,2018,08/11/2018 04:12:27 PM,41.672326754,-87.622493441,"(41.672326754, -87.622493441)"
24102,JB378291,08/04/2018 01:44:00 AM,017XX N MASON AVE,0110,HOMICIDE,FIRST DEGREE MURDER,ALLEY,false,false,2531,025,29,25,01A,1136481,1910910,2018,08/11/2018 04:12:27 PM,41.911700871,-87.774048479,"(41.911700871, -87.774048479)"
24103,JB378798,08/04/2018 12:47:00 PM,068XX S WOOD ST,0110,HOMICIDE,FIRST DEGREE MURDER,STREET,false,false,0726,007,17,67,01A,1165529,1859299,2018,08/11/2018 04:12:27 PM,41.769505798,-87.668801739,"(41.769505798, -87.668801739)"
24104,JB379763,08/05/2018 01:54:00 AM,048XX S WINCHESTER AVE,0110,HOMICIDE,FIRST DEGREE MURDER,STREET,false,false,0931,009,20,61,01A,1164172,1872502,2018,08/12/2018 03:59:11 PM,41.805765182,-87.673404434,"(41.805765182, -87.673404434)"
24105,JB379840,08/05/2018 03:21:00 AM,013XX S MILLARD AVE,0110,HOMICIDE,FIRST DEGREE MURDER,STREET,false,false,1011,010,24,29,01A,1152254,1893538,2018,08/12/2018 03:59:11 PM,41.863733464,-87.716561504,"(41.863733464, -87.716561504)"
24106,JB379894,08/05/2018 04:38:00 AM,016XX N LECLAIRE AVE,0110,HOMICIDE,FIRST DEGREE MURDER,STREET,false,false,2533,025,37,25,01A,1142308,1910296,2018,08/12/2018 03:59:11 PM,41.909909727,-87.752656847,"(41.909909727, -87.752656847)"
24107,JB379967,08/05/2018 07:12:00 AM,000XX N LECLAIRE AVE,0110,HOMICIDE,FIRST DEGREE MURDER,STREET,false,false,1533,015,28,25,01A,1142384,1899743,2018,08/12/2018 03:59:11 PM,41.880949646,-87.752640036,"(41.880949646, -87.752640036)"
24108,JB379875,08/05/2018 08:02:00 AM,011XX S SPRINGFIELD AVE,0110,HOMICIDE,FIRST DEGREE MURDER,STREET,false,false,1132,011,24,29,01A,1150554,1894839,2018,08/12/2018 03:59:11 PM,41.867336905,-87.722768188,"(41.867336905, -87.722768188)"
24109,JB380599,08/05/2018 05:00:00 PM,075XX S UNION AVE,0110,HOMICIDE,FIRST DEGREE MURDER,STREET,false,false,0621,006,17,68,01A,1172940,1854867,2018,08/12/2018 03:59:11 PM,41.757183511,-87.641767016,"(41.757183511, -87.641767016)"
24111,JB380921,08/05/2018 09:25:00 PM,015XX W 78TH ST,0110,HOMICIDE,FIRST DEGREE MURDER,APARTMENT,false,false,0612,006,17,71,01A,1167323,1853003,2018,08/12/2018 03:59:11 PM,41.752190503,-87.662405734,"(41.752190503, -87.662405734)"
24110,JB380835,08/05/2018 08:26:00 PM,027XX S DEARBORN ST,0110,HOMICIDE,FIRST DEGREE MURDER,CHA GROUNDS,false,false,0133,001,3,35,01A,1176315,1886573,2018,09/25/2018 04:08:11 PM,41.844112707,-87.628445336,"(41.844112707, -87.628445336)"
24117,JB384095,08/08/2018 03:00:00 AM,052XX S WELLS ST,0110,HOMICIDE,FIRST DEGREE MURDER,AUTO,true,false,0935,009,3,37,01A,1175489,1870317,2018,08/15/2018 04:09:09 PM,41.799523382,-87.631963552,"(41.799523382, -87.631963552)"
24118,JB384159,08/08/2018 04:05:00 AM,045XX W LAKE ST,0110,HOMICIDE,FIRST DEGREE MURDER,STREET,true,false,1113,011,28,26,01A,1146180,1901682,2018,08/15/2018 04:09:09 PM,41.88619916,-87.738651896,"(41.88619916, -87.738651896)"
24119,JB384159,08/08/2018 04:21:00 AM,045XX W LAKE ST,0110,HOMICIDE,FIRST DEGREE MURDER,STREET,true,false,1113,011,28,26,01A,1146180,1901682,2018,08/15/2018 04:09:09 PM,41.88619916,-87.738651896,"(41.88619916, -87.738651896)"
24120,JB385424,08/08/2018 10:28:00 PM,105XX S PEORIA ST,0110,HOMICIDE,FIRST DEGREE MURDER,ALLEY,false,false,2233,022,34,73,01A,1172180,1835001,2018,08/15/2018 04:09:09 PM,41.702685172,-87.645134401,"(41.702685172, -87.645134401)"
24121,JB385617,08/09/2018 04:30:00 AM,097XX S HARVARD AVE,0110,HOMICIDE,FIRST DEGREE MURDER,HOUSE,false,false,0511,005,21,49,01A,1175672,1840435,2018,08/16/2018 04:02:38 PM,41.71751955,-87.632185603,"(41.71751955, -87.632185603)"
24123,JB386778,08/09/2018 09:25:00 PM,035XX S COTTAGE GROVE AVE,0110,HOMICIDE,FIRST DEGREE MURDER,STREET,false,false,0212,002,4,36,01A,1181368,1881512,2018,08/16/2018 04:02:38 PM,41.830109681,-87.610058377,"(41.830109681, -87.610058377)"
24124,JB384129,08/09/2018 09:22:00 PM,073XX S UNION AVE,0110,HOMICIDE,FIRST DEGREE MURDER,AUTO,false,false,0732,007,17,68,01A,1172901,1856270,2018,08/16/2018 04:02:38 PM,41.761034377,-87.641868616,"(41.761034377, -87.641868616)"
24125,JB387780,08/10/2018 07:06:00 PM,078XX S KINGSTON AVE,0110,HOMICIDE,FIRST DEGREE MURDER,STREET,false,true,0421,004,7,43,01A,1194549,1853483,2018,08/17/2018 04:03:37 PM,41.752881737,-87.56262002,"(41.752881737, -87.56262002)"
24126,JB387090,08/10/2018 08:50:00 AM,029XX W PERSHING RD,0110,HOMICIDE,FIRST DEGREE MURDER,ALLEY,false,false,0921,009,14,58,01A,1157346,1878627,2018,08/17/2018 04:03:37 PM,41.822714066,-87.698273727,"(41.822714066, -87.698273727)"
24127,JB392211,08/13/2018 07:43:00 PM,038XX W ARGYLE ST,0110,HOMICIDE,FIRST DEGREE MURDER,STREET,false,false,1712,017,39,14,01A,1150003,1932951,2018,08/20/2018 04:02:23 PM,41.971930457,-87.723796532,"(41.971930457, -87.723796532)"
24128,JB393760,08/14/2018 09:32:00 PM,064XX S HERMITAGE AVE,0110,HOMICIDE,FIRST DEGREE MURDER,PORCH,false,false,0725,007,15,67,01A,1165775,1861999,2018,08/21/2018 04:05:53 PM,41.776909735,-87.667823427,"(41.776909735, -87.667823427)"
24122,JB259000,05/11/2018 12:01:00 AM,060XX S MAPLEWOOD AVE,0110,HOMICIDE,FIRST DEGREE MURDER,YARD,true,false,0825,008,15,66,01A,1160409,1864488,2018,08/22/2018 04:12:57 PM,41.783852167,-87.687426581,"(41.783852167, -87.687426581)"
24129,JB394690,08/15/2018 03:00:00 PM,102XX S EGGLESTON AVE,0110,HOMICIDE,FIRST DEGREE MURDER,ALLEY,false,false,2232,022,9,73,01A,1175317,1836842,2018,08/22/2018 04:19:05 PM,41.707667777,-87.633592761,"(41.707667777, -87.633592761)"
24130,JB396052,08/16/2018 02:32:00 PM,002XX W 104TH PL,0110,HOMICIDE,FIRST DEGREE MURDER,PORCH,false,false,0512,005,34,49,01A,1176386,1835643,2018,08/23/2018 04:00:50 PM,41.704353647,-87.629713945,"(41.704353647, -87.629713945)"
24131,JB396607,08/16/2018 09:20:00 PM,001XX N CENTRAL PARK DR,0110,HOMICIDE,FIRST DEGREE MURDER,PARK PROPERTY,false,false,1122,011,28,27,01A,1152428,1900773,2018,08/23/2018 04:00:50 PM,41.883583662,-87.715731653,"(41.883583662, -87.715731653)"
24132,JB397478,08/17/2018 04:04:00 PM,070XX S SANGAMON ST,0110,HOMICIDE,FIRST DEGREE MURDER,AUTO,false,false,0733,007,17,68,01A,1171188,1858246,2018,08/24/2018 04:12:03 PM,41.766494381,-87.648089167,"(41.766494381, -87.648089167)"
24133,JB397658,08/18/2018 03:10:00 PM,047XX W HARRISON ST,0110,HOMICIDE,FIRST DEGREE MURDER,YARD,false,false,1131,011,24,25,01A,1144900,1896933,2018,08/25/2018 03:59:23 PM,41.873191577,-87.743472264,"(41.873191577, -87.743472264)"
24134,JB399193,08/18/2018 08:38:00 PM,023XX W 72ND ST,0110,HOMICIDE,FIRST DEGREE MURDER,YARD,false,false,0832,008,18,66,01A,1162102,1856866,2018,08/25/2018 03:59:23 PM,41.762901273,-87.681431219,"(41.762901273, -87.681431219)"
24135,JB399767,08/19/2018 08:21:00 AM,046XX N CLIFTON AVE,0110,HOMICIDE,FIRST DEGREE MURDER,STREET,false,false,1913,019,46,3,01A,1167677,1930921,2018,08/26/2018 04:00:33 PM,41.965996614,-87.65886542,"(41.965996614, -87.65886542)"
24136,JB400414,08/19/2018 06:38:00 PM,073XX S CLAREMONT AVE,0110,HOMICIDE,FIRST DEGREE MURDER,ALLEY,false,false,0835,008,18,66,01A,1162009,1855889,2018,08/26/2018 04:00:33 PM,41.760222177,-87.681799203,"(41.760222177, -87.681799203)"
24137,JB400219,08/19/2018 06:40:00 PM,040XX S CALUMET AVE,0110,HOMICIDE,FIRST DEGREE MURDER,STREET,false,false,0213,002,3,38,01A,1179100,1878253,2018,08/26/2018 04:00:33 PM,41.821218828,-87.618479096,"(41.821218828, -87.618479096)"
24138,JB400734,08/20/2018 02:10:00 AM,130XX S RHODES AVE,0110,HOMICIDE,FIRST DEGREE MURDER,WOODED AREA,false,false,0533,005,9,54,01A,1182011,1819017,2018,08/27/2018 04:18:54 PM,41.658601587,-87.609627647,"(41.658601587, -87.609627647)"
24139,JB400734,08/20/2018 02:17:00 AM,130XX S RHODES AVE,0110,HOMICIDE,FIRST DEGREE MURDER,WOODED AREA,false,false,0533,005,9,54,01A,1182011,1819017,2018,08/27/2018 04:18:54 PM,41.658601587,-87.609627647,"(41.658601587, -87.609627647)"
24140,JB404218,08/22/2018 04:41:00 PM,017XX W 85TH ST,0110,HOMICIDE,FIRST DEGREE MURDER,STREET,false,false,0614,006,18,71,01A,1166301,1848331,2018,08/29/2018 04:05:03 PM,41.739391672,-87.666283645,"(41.739391672, -87.666283645)"
24141,JB404886,08/23/2018 12:25:00 AM,012XX E MIDWAY PLAISANCE,0110,HOMICIDE,FIRST DEGREE MURDER,STREET,false,false,0235,002,5,41,01A,1185346,1865923,2018,08/30/2018 04:04:47 PM,41.787239506,-87.595953997,"(41.787239506, -87.595953997)"
24142,JB405764,08/23/2018 05:40:00 PM,031XX W ARTHINGTON ST,0110,HOMICIDE,FIRST DEGREE MURDER,VACANT LOT,false,false,1134,011,24,27,01A,1155637,1895870,2018,08/30/2018 04:04:47 PM,41.870065355,-87.70407989,"(41.870065355, -87.70407989)"
24143,JB406208,08/24/2018 12:35:00 AM,062XX S CARPENTER ST,0110,HOMICIDE,FIRST DEGREE MURDER,PORCH,false,false,0712,007,16,68,01A,1170384,1863416,2018,08/31/2018 04:01:52 PM,41.780699031,-87.650885751,"(41.780699031, -87.650885751)"
24144,JB407332,08/24/2018 09:00:00 PM,015XX N TALMAN AVE,0110,HOMICIDE,FIRST DEGREE MURDER,STREET,false,false,1423,014,26,24,01A,1158469,1910092,2018,08/31/2018 04:01:52 PM,41.909034363,-87.693293261,"(41.909034363, -87.693293261)"
24145,JB407497,08/24/2018 11:55:00 PM,045XX S PAULINA ST,0110,HOMICIDE,FIRST DEGREE MURDER,AUTO,false,false,0924,009,3,61,01A,1165769,1874578,2018,08/31/2018 04:01:52 PM,41.811428166,-87.66748825,"(41.811428166, -87.66748825)"
24146,JB386368,08/24/2018 02:19:00 PM,025XX N LARAMIE AVE,0110,HOMICIDE,FIRST DEGREE MURDER,STREET,false,true,2521,025,31,19,01A,1141285,1916581,2018,09/13/2018 03:56:52 PM,41.927175388,-87.756259616,"(41.927175388, -87.756259616)"
24147,JB407292,08/25/2018 12:00:00 PM,005XX E 47TH ST,0110,HOMICIDE,FIRST DEGREE MURDER,STREET,false,false,0221,002,3,38,01A,1180604,1873972,2018,09/01/2018 04:13:03 PM,41.809436954,-87.613093359,"(41.809436954, -87.613093359)"
24148,JB410608,08/27/2018 10:17:00 AM,062XX N RICHMOND ST,0110,HOMICIDE,FIRST DEGREE MURDER,APARTMENT,false,true,2413,024,50,2,01A,1155548,1941266,2018,09/03/2018 04:08:41 PM,41.994637164,-87.703181681,"(41.994637164, -87.703181681)"
24149,JB410608,08/27/2018 10:17:00 AM,062XX N RICHMOND ST,0110,HOMICIDE,FIRST DEGREE MURDER,APARTMENT,false,true,2413,024,50,2,01A,1155548,1941266,2018,09/03/2018 04:08:41 PM,41.994637164,-87.703181681,"(41.994637164, -87.703181681)"
24150,JB413132,08/29/2018 12:07:00 AM,074XX S YATES BLVD,0110,HOMICIDE,FIRST DEGREE MURDER,STREET,false,false,0334,003,7,43,01A,1193493,1856195,2018,09/05/2018 04:01:50 PM,41.760349572,-87.566401164,"(41.760349572, -87.566401164)"
24151,JB414674,08/30/2018 08:46:00 AM,004XX W 75TH ST,0110,HOMICIDE,FIRST DEGREE MURDER,STREET,false,false,0621,006,17,69,01A,1174530,1855197,2018,09/06/2018 04:21:26 PM,41.758053849,-87.635930129,"(41.758053849, -87.635930129)"
24152,JB414875,08/30/2018 11:24:00 AM,040XX S CALUMET AVE,0110,HOMICIDE,FIRST DEGREE MURDER,ALLEY,false,false,0213,002,3,38,01A,1179096,1878376,2018,09/06/2018 04:21:26 PM,41.821556441,-87.618490016,"(41.821556441, -87.618490016)"
24161,JB385534,08/19/2018 05:58:00 PM,060XX S HERMITAGE AVE,0110,HOMICIDE,FIRST DEGREE MURDER,STREET,true,false,0714,007,15,67,01A,1165717,1864549,2018,09/07/2018 03:55:39 PM,41.783908493,-87.667963719,"(41.783908493, -87.667963719)"
24153,JB416113,08/31/2018 09:28:00 AM,044XX W WEST END AVE,0110,HOMICIDE,FIRST DEGREE MURDER,ALLEY,true,false,1113,011,28,26,01A,1146886,1900608,2018,09/07/2018 04:00:05 PM,41.883238526,-87.736086724,"(41.883238526, -87.736086724)"
24154,JB416551,08/31/2018 03:00:00 PM,008XX E 65TH ST,0110,HOMICIDE,FIRST DEGREE MURDER,STREET,false,false,0321,003,20,42,01A,1182815,1862092,2018,09/07/2018 04:00:05 PM,41.776786085,-87.605352868,"(41.776786085, -87.605352868)"
24155,JB417472,09/01/2018 04:30:00 AM,051XX W MAYPOLE AVE,0110,HOMICIDE,FIRST DEGREE MURDER,STREET,false,false,1532,015,28,25,01A,1142130,1900978,2018,09/08/2018 04:01:32 PM,41.884343351,-87.753542081,"(41.884343351, -87.753542081)"
24156,JB417492,09/01/2018 04:35:00 AM,007XX N CENTRAL AVE,0110,HOMICIDE,FIRST DEGREE MURDER,ALLEY,false,false,1524,015,37,25,01A,1138891,1904389,2018,09/08/2018 04:01:32 PM,41.893763001,-87.765353356,"(41.893763001, -87.765353356)"
24157,JB417774,09/01/2018 11:49:00 AM,007XX S CAMPBELL AVE,0110,HOMICIDE,FIRST DEGREE MURDER,ALLEY,false,false,1135,011,2,28,01A,1159838,1896861,2018,09/08/2018 04:01:32 PM,41.872699213,-87.688629374,"(41.872699213, -87.688629374)"
24158,JB418797,09/02/2018 12:50:00 PM,009XX W 129TH PL,0110,HOMICIDE,FIRST DEGREE MURDER,STREET,false,false,0523,005,34,53,01A,1172573,1818884,2018,09/09/2018 03:57:45 PM,41.658448879,-87.644167401,"(41.658448879, -87.644167401)"
24159,JB419647,09/02/2018 09:02:00 PM,075XX N CLARK ST,0110,HOMICIDE,FIRST DEGREE MURDER,STREET,false,false,2424,024,49,1,01A,1162898,1949977,2018,09/09/2018 03:57:45 PM,42.018388759,-87.675898955,"(42.018388759, -87.675898955)"
24160,JB418816,09/02/2018 09:30:00 PM,014XX E 77TH ST,0110,HOMICIDE,FIRST DEGREE MURDER,STREET,false,false,0411,004,5,43,01A,1187351,1854227,2018,09/09/2018 03:57:45 PM,41.755097256,-87.588973804,"(41.755097256, -87.588973804)"
24162,JB419467,09/04/2018 05:46:00 PM,001XX N JEFFERSON ST,0110,HOMICIDE,FIRST DEGREE MURDER,STREET,false,false,0121,001,42,28,01A,1172313,1900889,2018,09/11/2018 04:02:09 PM,41.883486065,-87.642709199,"(41.883486065, -87.642709199)"
24163,JB421002,09/04/2018 09:07:00 AM,072XX S BENNETT AVE,0110,HOMICIDE,FIRST DEGREE MURDER,STREET,false,false,0324,003,5,43,01A,1189962,1857296,2018,09/11/2018 04:02:09 PM,41.763456466,-87.579306774,"(41.763456466, -87.579306774)"
24164,JB422343,09/04/2018 07:50:00 PM,070XX S CRANDON AVE,0110,HOMICIDE,FIRST DEGREE MURDER,STREET,false,false,0331,003,5,43,01A,1192540,1858765,2018,09/11/2018 04:02:09 PM,41.767425113,-87.56981026,"(41.767425113, -87.56981026)"
24165,JB423805,09/05/2018 08:16:00 PM,086XX S EUCLID AVE,0110,HOMICIDE,FIRST DEGREE MURDER,STREET,false,false,0412,004,8,45,01A,1190686,1848003,2018,09/12/2018 04:05:26 PM,41.737938208,-87.57695264,"(41.737938208, -87.57695264)"
24169,JB420552,09/06/2018 07:15:00 PM,037XX W JACKSON BLVD,0110,HOMICIDE,FIRST DEGREE MURDER,AUTO,false,false,1122,011,28,27,01A,1151370,1898425,2018,09/13/2018 04:02:18 PM,41.877161325,-87.719678391,"(41.877161325, -87.719678391)"
24173,HW249839,06/08/2018 11:19:00 AM,063XX S ALBANY AVE,0110,HOMICIDE,FIRST DEGREE MURDER,APARTMENT,false,false,0823,008,15,66,01A,1156808,1862428,2018,09/14/2018 03:53:41 PM,41.778272698,-87.700684836,"(41.778272698, -87.700684836)"
24166,JB426365,09/07/2018 05:53:00 PM,051XX S CALUMET AVE,0110,HOMICIDE,FIRST DEGREE MURDER,AUTO,false,false,0231,002,3,40,01A,1179363,1871067,2018,09/14/2018 03:58:39 PM,41.80149383,-87.617733802,"(41.80149383, -87.617733802)"
24168,JB377572,09/03/2018 01:36:00 PM,076XX S KINGSTON AVE,0110,HOMICIDE,FIRST DEGREE MURDER,STREET,true,false,0421,004,7,43,01A,1194519,1854810,2018,09/15/2018 03:55:51 PM,41.756523865,-87.562686396,"(41.756523865, -87.562686396)"
24167,JB426806,09/08/2018 12:53:00 AM,005XX W DIVISION ST,0110,HOMICIDE,FIRST DEGREE MURDER,STREET,false,false,1823,018,27,8,01A,1172284,1908265,2018,09/15/2018 04:00:37 PM,41.903726889,-87.64259764,"(41.903726889, -87.64259764)"
24170,JB429040,09/09/2018 10:30:00 PM,019XX E 74TH ST,0110,HOMICIDE,FIRST DEGREE MURDER,STREET,false,false,0333,003,8,43,01A,1190271,1856285,2018,09/16/2018 04:05:04 PM,41.760674759,-87.578206773,"(41.760674759, -87.578206773)"
24171,JB430382,09/10/2018 09:09:00 PM,054XX S ABERDEEN ST,0110,HOMICIDE,FIRST DEGREE MURDER,STREET,true,false,0934,009,16,61,01A,1169905,1868800,2018,09/17/2018 04:03:31 PM,41.795483769,-87.652485542,"(41.795483769, -87.652485542)"
24172,JB426234,09/10/2018 04:30:00 PM,051XX W THOMAS ST,0110,HOMICIDE,FIRST DEGREE MURDER,STREET,false,false,1531,015,37,25,01A,1142014,1906842,2018,09/17/2018 04:03:31 PM,41.900437017,-87.753822617,"(41.900437017, -87.753822617)"
24176,JB434375,09/13/2018 09:58:00 PM,095XX S WOODLAWN AVE,0110,HOMICIDE,FIRST DEGREE MURDER,YARD,false,false,0511,005,8,50,01A,1185875,1841926,2018,09/20/2018 04:03:40 PM,41.721376934,-87.594769737,"(41.721376934, -87.594769737)"
24174,JB432708,09/12/2018 05:46:00 PM,053XX S PAULINA ST,0110,HOMICIDE,FIRST DEGREE MURDER,STREET,false,false,0932,009,16,61,01A,1165920,1869202,2018,09/19/2018 04:28:56 PM,41.796672584,-87.667087242,"(41.796672584, -87.667087242)"
24175,JB429066,09/12/2018 06:25:00 PM,001XX W 119TH ST,0110,HOMICIDE,FIRST DEGREE MURDER,STREET,false,false,0522,005,9,53,01A,1177566,1826046,2018,09/19/2018 04:28:56 PM,41.677991535,-87.625681696,"(41.677991535, -87.625681696)"
24177,JB434970,09/14/2018 12:10:00 PM,034XX W WALNUT ST,0110,HOMICIDE,FIRST DEGREE MURDER,STREET,false,false,1123,011,28,27,01A,1153378,1901461,2018,09/21/2018 04:12:37 PM,41.885452791,-87.712224871,"(41.885452791, -87.712224871)"
24178,JB435335,09/14/2018 04:37:00 PM,022XX S KOLIN AVE,0110,HOMICIDE,FIRST DEGREE MURDER,STREET,false,false,1013,010,22,29,01A,1148001,1888689,2018,09/21/2018 04:12:37 PM,41.850509983,-87.732298769,"(41.850509983, -87.732298769)"
24179,JB435335,09/14/2018 04:59:00 PM,022XX S KOLIN AVE,0110,HOMICIDE,FIRST DEGREE MURDER,STREET,false,false,1013,010,22,29,01A,1148001,1888689,2018,09/21/2018 04:12:37 PM,41.850509983,-87.732298769,"(41.850509983, -87.732298769)"
24182,JB400617,09/14/2018 11:37:00 PM,052XX N PARKSIDE AVE,0110,HOMICIDE,FIRST DEGREE MURDER,STREET,false,false,1622,016,45,11,01A,1137411,1934653,2018,09/21/2018 04:12:37 PM,41.9768374,-87.770058701,"(41.9768374, -87.770058701)"
24180,JB437077,09/15/2018 09:13:00 PM,054XX S MAY ST,0110,HOMICIDE,FIRST DEGREE MURDER,STREET,false,false,0934,009,16,61,01A,1169575,1868809,2018,09/22/2018 04:01:14 PM,41.795515631,-87.6536954,"(41.795515631, -87.6536954)"
24189,HS260050,09/07/2018 04:40:00 PM,048XX W HIRSCH ST,0110,HOMICIDE,FIRST DEGREE MURDER,STREET,false,false,2533,025,37,25,01A,1143815,1908873,2018,09/23/2018 03:56:26 PM,41.905976731,-87.747156404,"(41.905976731, -87.747156404)"
24181,JB437477,09/16/2018 05:11:00 AM,046XX S KEDZIE AVE,0110,HOMICIDE,FIRST DEGREE MURDER,STREET,false,false,0821,008,14,58,01A,1155820,1873598,2018,09/23/2018 04:00:24 PM,41.808944648,-87.70400715,"(41.808944648, -87.70400715)"
24183,JB439939,09/17/2018 10:28:00 PM,078XX S LAFLIN ST,0110,HOMICIDE,FIRST DEGREE MURDER,STREET,false,false,0612,006,17,71,01A,1167477,1852706,2018,09/24/2018 04:05:29 PM,41.751372197,-87.661849885,"(41.751372197, -87.661849885)"
23766,JB107582,01/07/2018 01:35:00 PM,004XX N LARAMIE AVE,0110,HOMICIDE,FIRST DEGREE MURDER,STREET,false,false,1532,015,28,25,01A,1141626,1902426,2018,09/25/2018 04:08:11 PM,41.88832617,-87.755357043,"(41.88832617, -87.755357043)"
24184,JB440025,09/18/2018 12:36:00 AM,057XX S WINCHESTER AVE,0110,HOMICIDE,FIRST DEGREE MURDER,STREET,false,false,0715,007,15,67,01A,1164340,1866501,2018,09/25/2018 04:14:11 PM,41.78929416,-87.672957355,"(41.78929416, -87.672957355)"
24185,JB440918,09/18/2018 10:13:00 PM,097XX S CHARLES ST,0110,HOMICIDE,FIRST DEGREE MURDER,STREET,false,false,2213,022,19,72,01A,1167298,1840354,2018,09/25/2018 04:14:11 PM,41.717480322,-87.662858447,"(41.717480322, -87.662858447)"
24186,JB441125,09/18/2018 07:34:00 PM,041XX S ASHLAND AVE,0110,HOMICIDE,FIRST DEGREE MURDER,PARKING LOT,true,false,0924,009,12,61,01A,1166371,1877162,2018,09/25/2018 04:14:11 PM,41.818506126,-87.665206456,"(41.818506126, -87.665206456)"
24188,JB444243,09/20/2018 11:04:00 PM,020XX E 67TH ST,0110,HOMICIDE,FIRST DEGREE MURDER,STREET,false,false,0331,003,5,42,01A,1190948,1860951,2018,09/27/2018 04:01:02 PM,41.773462299,-87.575574924,"(41.773462299, -87.575574924)"
24190,JB446939,09/22/2018 11:07:00 PM,013XX W HASTINGS ST,0110,HOMICIDE,FIRST DEGREE MURDER,STREET,false,false,1233,012,2,28,01A,1167712,1893852,2018,09/29/2018 03:59:11 PM,41.864276345,-87.659807086,"(41.864276345, -87.659807086)"
24191,JB447573,09/23/2018 02:11:00 PM,102XX S PRAIRIE AVE,0110,HOMICIDE,FIRST DEGREE MURDER,STREET,false,false,0511,005,9,49,01A,1179722,1837139,2018,09/30/2018 03:57:53 PM,41.708383427,-87.617452582,"(41.708383427, -87.617452582)"
11228553,JB148804,02/12/2018 05:34:00 AM,038XX S CALIFORNIA AVE,0142,HOMICIDE,RECKLESS HOMICIDE,STREET,true,false,0911,009,12,58,01B,1158332,1879102,2018,10/02/2018 04:00:12 PM,41.823997468,-87.694643524,"(41.823997468, -87.694643524)"
24192,JB448672,09/24/2018 12:12:00 PM,105XX S WALDEN PKWY,0110,HOMICIDE,FIRST DEGREE MURDER,AUTO,false,false,2212,022,19,72,01A,1165489,1834841,2018,10/01/2018 04:14:25 PM,41.70239022,-87.66963972,"(41.70239022, -87.66963972)"
24193,JB449139,09/24/2018 05:08:00 PM,077XX S SANGAMON ST,0110,HOMICIDE,FIRST DEGREE MURDER,STREET,false,false,0621,006,17,71,01A,1171314,1853611,2018,10/01/2018 04:14:25 PM,41.7537726,-87.647762725,"(41.7537726, -87.647762725)"
24194,JB449465,09/24/2018 10:57:00 PM,084XX S MORGAN ST,0110,HOMICIDE,FIRST DEGREE MURDER,STREET,false,false,0613,006,21,71,01A,1171117,1848938,2018,10/01/2018 04:14:25 PM,41.740953572,-87.648620933,"(41.740953572, -87.648620933)"
24196,JB449681,09/25/2018 01:48:00 AM,006XX E 76TH ST,0110,HOMICIDE,FIRST DEGREE MURDER,STREET,false,false,0624,006,6,69,01A,1181968,1854765,2018,10/02/2018 04:05:11 PM,41.756699697,-87.608684202,"(41.756699697, -87.608684202)"
24197,JB449958,09/25/2018 11:48:00 AM,013XX S MILLARD AVE,0110,HOMICIDE,FIRST DEGREE MURDER,STREET,false,false,1011,010,24,29,01A,1152253,1893580,2018,10/02/2018 04:05:11 PM,41.863848737,-87.716564068,"(41.863848737, -87.716564068)"
24198,JB450253,09/25/2018 12:56:00 PM,024XX E 75TH ST,0110,HOMICIDE,FIRST DEGREE MURDER,STREET,false,false,0421,004,7,43,01A,1194028,1855712,2018,10/02/2018 04:05:11 PM,41.759011078,-87.564456236,"(41.759011078, -87.564456236)"
24199,JB451828,09/26/2018 05:03:00 PM,034XX S LA SALLE ST,0110,HOMICIDE,FIRST DEGREE MURDER,STREET,false,false,0211,009,11,35,01A,1175763,1881773,2018,10/03/2018 04:08:17 PM,41.83095354,-87.630615169,"(41.83095354, -87.630615169)"
24200,JB451828,09/26/2018 05:58:00 PM,034XX S LA SALLE ST,0110,HOMICIDE,FIRST DEGREE MURDER,STREET,false,false,0211,009,11,35,01A,1175763,1881773,2018,10/03/2018 04:08:17 PM,41.83095354,-87.630615169,"(41.83095354, -87.630615169)"
